,Time,Open,High,Low,Close,Volume
1494,2016-01-04,656.29,657.715,627.51,636.99,9314519
1495,2016-01-05,646.86,646.91,627.65,633.79,5822603
1496,2016-01-06,622,639.79,620.31,632.65,5329197
1497,2016-01-07,621.8,630,605.21,607.94,7074915
1498,2016-01-08,619.66,624.14,606,607.05,5512915
1499,2016-01-11,612.48,619.85,598.57,617.74,4891551
1500,2016-01-12,625.25,625.99,612.2415,617.89,4724100
1501,2016-01-13,620.88,620.88,579.16,581.81,7655239
1502,2016-01-14,580.25,602.25,569.88,593,7237978
1503,2016-01-15,572.24,584.62,565.3,570.18,7784523
1504,2016-01-19,577.09,584,566.45,574.48,4807165
1505,2016-01-20,564.36,578.45,547.18,571.77,7966406
1506,2016-01-21,573.58,588.81,568.22,575.02,4952217
1507,2016-01-22,588.73,600.1,584.1079,596.38,5120144
1508,2016-01-25,597.99,608.5,594.56,596.53,4396079
1509,2016-01-26,603.45,604.5,590.38,601.25,3765655
1510,2016-01-27,601.99,603.39,578.78,583.35,5152853
1511,2016-01-28,608.37,638.06,597.55,635.35,14015171
1512,2016-01-29,571.98,593,570,587,14677550
1513,2016-02-01,578.15,581.8,570.31,574.81,6355123
1514,2016-02-02,570,571.56,550.09,552.1,6312045
1515,2016-02-03,553.5,556,521.9,531.07,10048709
1516,2016-02-04,525,538.99,519.2201,536.26,6199070
1517,2016-02-05,529.28,529.45,499.19,502.13,9708929
1518,2016-02-08,486.47,493.5,475.21,488.1,9825509
1519,2016-02-09,478.01,498.38,474,482.07,7077915
1520,2016-02-10,491.76,504.66,486,490.48,6786181
1521,2016-02-11,491.17,509.3,484,503.82,7397393
1522,2016-02-12,510.7,516.75,501.4932,507.08,5384787
1523,2016-02-16,519.48,524.45,511.66,521.1,5118500
1524,2016-02-17,528.74,537.48,519.39,534.1,4824002
1525,2016-02-18,541.19,541.2,523.73,525,4735008
1526,2016-02-19,520.71,535.95,515.35,534.9,4974717
1527,2016-02-22,542.2,560.65,541.08,559.5,5566553
1528,2016-02-23,555.55,556.91,545.33,552.94,4050790
1529,2016-02-24,545.75,554.27,533.1501,554.04,6231668
1530,2016-02-25,555.52,559.39,545.2946,555.15,4525463
1531,2016-02-26,560.12,562.5,553.17,555.23,4877039
1532,2016-02-29,554,564.81,552.51,552.52,4145396
1533,2016-03-01,556.29,579.25,556,579.04,5038452
1534,2016-03-02,581.75,585,573.7,580.21,4582170
1535,2016-03-03,577.96,579.866,573.11,577.49,2741292
1536,2016-03-04,581.07,581.4,571.065,575.14,3416545
1537,2016-03-07,573.54,573.63,555.55,562.8,4932527
1538,2016-03-08,557.87,571.35,554.74,560.26,4679663
1539,2016-03-09,559.56,560.35,550.125,559.47,4377283
1540,2016-03-10,566.74,567,547.9,558.93,3919892
1541,2016-03-11,566.95,570.06,562.73,569.61,3771310
1542,2016-03-14,567,576.89,563.05,573.37,3454152
1543,2016-03-15,571,581.52,567,577.02,3876821
1544,2016-03-16,576.64,581.32,571.14,574.27,3537669
1545,2016-03-17,569.51,571.4,555.01,559.44,5928105
1546,2016-03-18,560.94,562.33,546.09,552.08,7296885
1547,2016-03-21,548.91,555.24,538.58,553.98,5155732
1548,2016-03-22,545.11,562.76,545.05,560.48,4000564
1549,2016-03-23,561,572.48,558.1,569.63,3983720
1550,2016-03-24,567.11,583.55,567.08,582.95,5185539
1551,2016-03-28,584.4,584.75,575.56,579.87,3121522
1552,2016-03-29,580.15,595.85,576.5,593.86,4392567
1553,2016-03-30,596.71,603.24,595,598.69,3890461
1554,2016-03-31,599.28,600.75,592.21,593.64,2681811
1555,2016-04-01,590.49,599.03,588.3,598.5,2917386
1556,2016-04-04,599,599.5,590.55,593.19,2470825
1557,2016-04-05,590.77,593.47,585.25,586.14,2308884
1558,2016-04-06,587.52,602.39,587.5,602.08,2849909
1559,2016-04-07,598.76,599.6,589.08,591.43,3189037
1560,2016-04-08,594.32,597.86,589,594.6,2591936
1561,2016-04-11,596.14,604,594.91,595.93,2704267
1562,2016-04-12,598.4,604.06,592.31,603.17,2641062
1563,2016-04-13,607.68,616.81,605.29,614.82,4228349
1564,2016-04-14,615.07,624.38,615.07,620.75,3512136
1565,2016-04-15,621.92,626.77,618.11,625.89,2887681
1566,2016-04-18,625.35,637.64,624.9603,635.35,4360883
1567,2016-04-19,637.14,638.01,620.8,627.9,4055870
1568,2016-04-20,630,636.55,623,632.99,2609425
1569,2016-04-21,631,637.82,628.5,631,2596298
1570,2016-04-22,624.47,628.25,611.56,620.5,5083904
1571,2016-04-25,616.61,626.98,616.2511,626.2,2682924
1572,2016-04-26,626.17,626.7549,614.88,616.88,2521433
1573,2016-04-27,611.8,615.95,601.28,606.57,4068767
1574,2016-04-28,615.54,626.8,599.2,602,7872605
1575,2016-04-29,666,669.98,654,659.59,10310739
1576,2016-05-02,663.92,685.5,662.0251,683.85,6578517
1577,2016-05-03,677.36,680.3,670.43,671.32,4923351
1578,2016-05-04,662.59,674,662.14,670.9,4635462
1579,2016-05-05,673.31,676.49,656,659.09,4884114
1580,2016-05-06,656.05,676.95,656.01,673.95,4365345
1581,2016-05-09,673.95,686.98,671.41,679.75,3982161
1582,2016-05-10,694,704.55,693.5,703.07,6105570
1583,2016-05-11,705.79,719,701.65,713.23,7338196
1584,2016-05-12,717.38,722.45,711.51,717.93,5048150
1585,2016-05-13,714.64,719.25,706.51,709.92,4763419
1586,2016-05-16,710.13,713.25,700.28,710.66,5432920
1587,2016-05-17,709.9,714.47,693.91,695.27,5121357
1588,2016-05-18,689.56,702.5399,688.76,697.45,4283189
1589,2016-05-19,691.88,699.4,689.56,698.52,3025566
1590,2016-05-20,701.05,707.24,700,702.8,2916165
1591,2016-05-23,704.25,706,696.42,696.75,2595082
1592,2016-05-24,698.01,707.5,698,704.2,3033782
1593,2016-05-25,708,710.86,705.5159,708.35,3276631
1594,2016-05-26,708.33,715,707.293,714.91,2446681
1595,2016-05-27,715,716.6,711.1,712.24,2249164
1596,2016-05-31,712.33,724.23,711.32,722.79,3618323
1597,2016-06-01,720.9,726.43,718.22,719.44,3263107
1598,2016-06-02,720.97,728.28,715.5001,728.24,3026583
1599,2016-06-03,726.74,727,718.43,725.54,3367306
1600,2016-06-06,726.5,731.5,724.42,726.73,2704806
1601,2016-06-07,729.89,730,720.55,723.74,2732463
1602,2016-06-08,726.4,729.42,721.6,726.64,2223366
1603,2016-06-09,723.1,728.91,722.3,727.65,2170318
1604,2016-06-10,722.35,724.98,714.21,717.91,3425718
1605,2016-06-13,714.01,721.99,711.16,715.24,3352201
1606,2016-06-14,712.33,720.805,712.27,719.3,2506922
1607,2016-06-15,722,722.56,713.3522,714.26,2709447
1608,2016-06-16,712.05,718,705.3,717.51,3097961
1609,2016-06-17,718.19,718.2,699.18,706.39,5897788
1610,2016-06-20,713.5,721.31,710.81,714.01,3677162
1611,2016-06-21,715.72,718.4,712.721,715.82,2137534
1612,2016-06-22,716.58,717,707.565,710.6,2260454
1613,2016-06-23,715.5,722.12,712.5,722.08,2824974
1614,2016-06-24,693,712.5292,692.2,698.96,7632511
1615,2016-06-27,692.01,696.8189,682.115,691.36,5584037
1616,2016-06-28,700,708,698.1714,707.95,4036957
1617,2016-06-29,715.75,719.5,713.54,715.6,3070052
1618,2016-06-30,717.2,719.37,712.54,715.62,2855142
1619,2016-07-01,717.32,728,716.54,725.68,2920423
1620,2016-07-05,722.8,728.11,719.61,728.1,2431431
1621,2016-07-06,725.71,737.77,722.58,737.61,3938249
1622,2016-07-07,739.33,739.55,731.63,736.57,2945783
1623,2016-07-08,740.14,746.1,738,745.81,3429217
1624,2016-07-11,750,755.9,747,753.78,3195272
1625,2016-07-12,756.86,757.34,740.33,748.21,5623657
1626,2016-07-13,746.76,756.87,741.25,742.63,4142265
1627,2016-07-14,748.86,749.04,739.02,741.2,2390472
1628,2016-07-15,746.55,746.55,734.05,735.44,3121385
1629,2016-07-18,735.49,741.5954,728.72,736.07,2954914
1630,2016-07-19,732.5,743.33,732.31,739.95,2216820
1631,2016-07-20,744,746.25,740.7,745.72,2214023
1632,2016-07-21,747.5,749.36,742.7918,744.43,2317072
1633,2016-07-22,747.79,751.28,743.53,744.86,2277711
1634,2016-07-25,746.55,748.5,735.35,739.61,2679290
1635,2016-07-26,742.71,743.13,732.7525,735.59,2529692
1636,2016-07-27,737.97,740.94,733.86,736.67,2913134
1637,2016-07-28,745.98,753.36,739.7,752.61,7617580
1638,2016-07-29,765,766,755,758.81,6777050
1639,2016-08-01,759.87,770.5,757.06,767.74,3578205
1640,2016-08-02,763.81,765.01,757.02,760.58,3603280
1641,2016-08-03,757.06,758.89,752.25,754.64,3581525
1642,2016-08-04,753.7,765,750.35,760.77,3178208
1643,2016-08-05,764.81,768.47,763.09,765.98,2704391
1644,2016-08-08,766.81,767,761.015,766.56,1986272
1645,2016-08-09,767.39,772.6,766.9,768.31,1876091
1646,2016-08-10,769.8,772.1,766.19,768.56,1604280
1647,2016-08-11,769.94,773.75,769.12,771.24,2019740
1648,2016-08-12,768.46,773.15,768.4225,772.56,1563318
1649,2016-08-15,771.9,772.04,767.71,768.49,2118521
1650,2016-08-16,768.62,768.7317,763.82,764.04,1604561
1651,2016-08-17,764.41,765.22,759.199,764.63,1891116
1652,2016-08-18,764,765.17,760.6,764.46,1458834
1653,2016-08-19,761.9,762.49,756.89,757.31,2343237
1654,2016-08-22,757.5,759.85,752.1,759.48,1679251
1655,2016-08-23,763.31,764.7,761,762.45,1524131
1656,2016-08-24,763,763.41,755.36,757.25,1744107
1657,2016-08-25,756,760.56,754.7410000000001,759.22,1622992
1658,2016-08-26,760.05,770,759.795,769,2776830
1659,2016-08-29,768.72,774.98,768.6,771.29,2198560
1660,2016-08-30,771.05,771.8358,765.56,767.58,1709158
1661,2016-08-31,766.6,769.64,764,769.16,1633789
1662,2016-09-01,770.9,772.04,766.75,770.62,1792271
1663,2016-09-02,774.11,776,771.7,772.44,2181792
1664,2016-09-06,774.04,789.48,770.22,788.87,3719788
1665,2016-09-07,789.53,790.79,784.33,784.48,2424622
1666,2016-09-08,783.89,786.5,781.44,784.06,2030511
1667,2016-09-09,779.36,781,760.11,760.14,4257344
1668,2016-09-12,757.35,772.66,756,771.49,3124704
1669,2016-09-13,768.77,769.89,759.05,761.01,3117224
1670,2016-09-14,762.2,767.5,758.85,761.09,2531822
1671,2016-09-15,762,770.87,757.58,769.69,3043534
1672,2016-09-16,773.28,780.46,771.66,778.52,5499182
1673,2016-09-19,779.97,781.94,771,775.1,2297221
1674,2016-09-20,776,781.37,776,780.22,1937164
1675,2016-09-21,783.25,790.69,779.01,789.74,2718644
1676,2016-09-22,794.27,805.8889999999999,794.27,804.7,4078910
1677,2016-09-23,803.13,807.75,802.12,805.75,2353511
1678,2016-09-26,801.8,805.93,797.145,799.16,2651397
1679,2016-09-27,801.85,816.64,801.11,816.11,3819600
1680,2016-09-28,818,830.14,817.0337,828.72,4422078
1681,2016-09-29,828.26,837.5,824.63,829.05,4922248
1682,2016-09-30,832.61,839.95,832.4,837.31,4430566
1683,2016-10-03,836,839.86,831.25,836.74,2769448
1684,2016-10-04,840.91,842.365,830.26,834.03,2950314
1685,2016-10-05,838,845.67,836.12,844.36,3469055
1686,2016-10-06,843.7,847.21,840.6,841.66,2684013
1687,2016-10-07,845.79,845.95,837.45,839.43,2426228
1688,2016-10-10,843.25,845.2,840.27,841.71,1827143
1689,2016-10-11,841.02,841.29,828.35,831,3588180
1690,2016-10-12,834,837.666,830.1,834.09,2380416
1691,2016-10-13,829,831.8,821.21,829.28,3091387
1692,2016-10-14,835.08,835.74,822.96,822.96,2999814
1693,2016-10-17,821.5,822,811.68,812.95,3361492
1694,2016-10-18,822.11,823.26,815.02,817.65,2512504
1695,2016-10-19,820.4,820.67,815.17,817.69,2090706
1696,2016-10-20,813.99,815.71,803.1,810.32,3151954
1697,2016-10-21,809.36,819.42,809,818.99,2793015
1698,2016-10-24,824.95,838.3,822.21,838.09,4060899
1699,2016-10-25,839.3,843.09,833.22,835.18,3248358
1700,2016-10-26,832.76,833.44,820,822.59,3998102
1701,2016-10-27,831.24,831.72,815.43,818.36,7406385
1702,2016-10-28,782,789.49,774.61,776.32,10841073
1703,2016-10-31,781.03,793.7,780.11,789.82,5413326
1704,2016-11-01,799,800.84,776.7130000000001,785.41,5305428
1705,2016-11-02,783.93,784.75,763.55,765.56,5026504
1706,2016-11-03,765.05,777,764,767.03,3872496
1707,2016-11-04,762.79,766,753.2301,755.05,5122103
1708,2016-11-07,771.64,787.732,770.94,784.93,5984354
1709,2016-11-08,784.97,791.7399,779.1,787.75,3412629
1710,2016-11-09,764,777.5,760.09,771.88,8562892
1711,2016-11-10,778.81,778.83,717.7,742.38,12746994
1712,2016-11-11,735.73,743.26,728.9,739.01,6622784
1713,2016-11-14,745.51,746,710.1,719.07,7321344
1714,2016-11-15,730,746.78,725.99,743.24,6755785
1715,2016-11-16,718,749.87,735.61,746.49,3648791
1716,2016-11-17,749.32,757.5,748,756.4,3690112
1717,2016-11-18,761,767.74,757.6435,760.16,4373408
1718,2016-11-21,766,780.35,765.11,780,4614574
1719,2016-11-22,788.17,792.4,781,785.33,5311320
1720,2016-11-23,781.73,781.75,773.12,780.12,3540263
1721,2016-11-25,786.5,786.75,777.9,780.37,1837068
1722,2016-11-28,776.99,777,764.24,766.77,4438828
1723,2016-11-29,768,769.89,761.32,762.52,3272344
1724,2016-11-30,762,768.09,750.25,750.57,4625946
1725,2016-12-01,752.41,753.37,738.03,743.65,4665993
1726,2016-12-02,743.4,748.4903,736.7,740.34,3561307
1727,2016-12-05,745,761.49,742,759.36,4314723
1728,2016-12-06,763.99,768.24,757.25,764.72,3794746
1729,2016-12-07,764.55,770.42,755.82,770.42,3684906
1730,2016-12-08,771.87,773.79,765.19,767.33,3189608
1731,2016-12-09,770,770.25,765.34,768.66,2470923
1732,2016-12-12,766.4,766.89,757.2,760.12,2963945
1733,2016-12-13,764.96,782.46,762,774.34,5285288
1734,2016-12-14,778.25,780.86,762.81,768.82,5454836
1735,2016-12-15,766.28,769.1,760.31,761,3801927
1736,2016-12-16,765,765.13,754,757.77,4848219
1737,2016-12-19,758.89,770.5,756.16,766,3113240
1738,2016-12-20,768.65,774.39,767.71,771.22,2703629
1739,2016-12-21,770,771.22,765.7,770.6,2044629
1740,2016-12-22,768.12,771.21,763.02,766.34,2543551
1741,2016-12-23,764.55,766.5,757.99,760.59,1981616
1742,2016-12-27,763.4,774.65,761.2,771.4,2638725
1743,2016-12-28,776.25,780,770.5,772.13,3301025
1744,2016-12-29,772.4,773.4,760.85,765.15,3158299
1745,2017-01-03,757.92,758.7595,747.7,753.67,3521066
1746,2017-01-04,758.39,759.68,754.2,757.18,2510526
1747,2017-01-05,761.55,782.3999,760.2557,780.45,5830068
1748,2017-01-06,782.36,799.44,778.48,795.99,5986234
1749,2017-01-09,798,801.7742,791.77,796.92,3446109
1750,2017-01-10,796.6,798,789.5434,795.9,2558369
1751,2017-01-11,793.66,799.5,789.51,799.02,2992791
1752,2017-01-12,800.31,814.13,799.5,813.64,4873922
1753,2017-01-13,814.32,821.65,811.4,817.14,3791945
1754,2017-01-17,815.7,816,803.44,809.72,3670529
1755,2017-01-18,809.5,811.73,804.27,807.48,2354201
1756,2017-01-19,810,813.51,807.32,809.04,2540784
1757,2017-01-20,815.28,816.02,806.26,808.33,3376196
1758,2017-01-23,806.8,818.5,805.08,817.88,2797474
1759,2017-01-24,822,823.99,814.5,822.44,2971740
1760,2017-01-25,825.79,837.4183,825.288,836.52,4023078
1761,2017-01-26,835.53,843.84,833,839.15,3586323
1762,2017-01-27,839,839.7,829.44,835.77,2998700
1763,2017-01-30,833,833.5,816.38,830.38,3747336
1764,2017-01-31,823.75,826.99,819.56,823.48,3137196
1765,2017-02-01,829.21,833.78,824.94,832.35,3850181
1766,2017-02-02,836.59,842.49,828.26,839.95,7350492
1767,2017-02-03,806.72,818.3,804,810.2,10868773
1768,2017-02-06,809.8,810.72,803,807.64,3897301
1769,2017-02-07,809.31,816.16,807.5,812.5,3466091
1770,2017-02-08,812.69,821.4789999999999,812.5,819.71,2857985
1771,2017-02-09,821.6,825,819.71,821.36,2484948
1772,2017-02-10,823.82,828,822.85,827.46,2429609
1773,2017-02-13,831.62,842.9999,828.55,836.53,4172618
1774,2017-02-14,837,838.31,831.4522,836.39,2792442
1775,2017-02-15,834,842.81,832.82,842.7,2968853
1776,2017-02-16,841.84,845,839.375,844.14,2714667
1777,2017-02-17,842,847.27,840.73,845.07,3112275
1778,2017-02-21,848.84,857.98,847.25,856.44,3507742
1779,2017-02-22,856.95,858.43,852.18,855.61,2616971
1780,2017-02-23,857.57,860.86,848,852.19,3461984
1781,2017-02-24,844.69,845.81,837.7501,845.24,3687963
1782,2017-02-27,842.38,852.5,839.67,848.64,2713627
1783,2017-02-28,851.45,854.09,842.05,845.04,2793709
1784,2017-03-01,853.05,854.83,849.01,853.08,2760083
1785,2017-03-02,853.08,854.82,847.28,848.91,2132098
1786,2017-03-03,847.2,851.985,846.27,849.88,1951575
1787,2017-03-06,845.23,848.49,841.12,846.61,2610370
1788,2017-03-07,845.48,848.46,843.75,846.02,2247554
1789,2017-03-08,848,853.07,846.79,850.5,2288317
1790,2017-03-09,851,856.3999,850.31,853,2048187
1791,2017-03-10,857,857.35,851.72,852.46,2436434
1792,2017-03-13,851.77,855.69,851.71,854.59,1909672
1793,2017-03-14,853.55,853.75,847.55,852.53,2130586
1794,2017-03-15,854.33,854.45,847.11,852.97,2562176
1795,2017-03-16,855.3,855.5,850.51,853.42,1842296
1796,2017-03-17,853.49,853.83,850.64,852.31,3384403
1797,2017-03-20,851.51,857.8,851.01,856.97,2282727
1798,2017-03-21,858.84,862.795,841.31,843.2,4382852
1799,2017-03-22,840.43,849.37,839.05,848.06,2658669
1800,2017-03-23,848.2,850.89,844.8,847.38,1952964
1801,2017-03-24,851.68,851.8,843.53,845.61,2138269
1802,2017-03-27,838.07,850.3,833.5,846.82,2755775
1803,2017-03-28,851.75,858.46,850.1,856,3041633
1804,2017-03-29,859.05,876.438,859.02,874.32,4485770
1805,2017-03-30,874.95,877.06,871.66,876.34,2762730
1806,2017-03-31,877,890.35,876.65,886.54,3957612
1807,2017-04-03,888,893.49,885.42,891.51,3422328
1808,2017-04-04,891.5,908.5384,890.28,906.83,4984656
1809,2017-04-05,910.82,923.72,905.62,909.28,7508370
1810,2017-04-06,913.8,917.1899,894.4927,898.28,6344065
1811,2017-04-07,899.65,900.09,889.31,894.88,3707367
1812,2017-04-10,899.63,908.51,899,907.04,3184301
1813,2017-04-11,907.04,911.24,897.5,902.36,3012743
1814,2017-04-12,903.09,904.09,895.2501,896.23,2456140
1815,2017-04-13,891.45,894.97,884.49,884.67,3174583
1816,2017-04-17,887.5,902.38,887.5,901.99,2854673
1817,2017-04-18,900.99,909.61,900.78,903.78,2999238
1818,2017-04-19,907.84,910.5,897.3689999999999,899.2,2870242
1819,2017-04-20,899.7,905.32,896.29,902.06,2814441
1820,2017-04-21,902.67,903.65,896.77,898.53,2420494
1821,2017-04-24,908.68,909.99,903.82,907.41,3118123
1822,2017-04-25,907.04,909.48,903,907.62,3380639
1823,2017-04-26,910.3,915.7489999999999,907.56,909.29,2608948
1824,2017-04-27,914.39,921.86,912.11,918.38,5305543
1825,2017-04-28,948.83,949.59,924.3335,924.99,7364681
1826,2017-05-01,927.8,954.4,927.8,948.23,5466544
1827,2017-05-02,946.645,950.1,941.413,946.94,3848835
1828,2017-05-03,946,946,935.9,941.03,3582686
1829,2017-05-04,944.75,945,934.215,937.53,2418381
1830,2017-05-05,940.52,940.79,930.3,934.15,2866397
1831,2017-05-08,940.95,949.05,939.21,949.04,3415731
1832,2017-05-09,952.8,957.89,950.2,952.82,3262113
1833,2017-05-10,953.5,953.7499,945,948.95,2096512
1834,2017-05-11,945.11,950.29,940.775,947.62,2194070
1835,2017-05-12,954.5,962.79,951.53,961.35,3625857
1836,2017-05-15,958.73,963.15,956.055,957.97,4270625
1837,2017-05-16,961,970.06,960.91,966.07,3126051
1838,2017-05-17,954.7,960.3957,944.12,944.76,5145578
1839,2017-05-18,944.8,962.75,944.76,958.49,3939347
1840,2017-05-19,962.84,968.92,959.72,959.84,3972089
1841,2017-05-22,964,971.38,962.9,970.67,2642217
1842,2017-05-23,975.02,975.2,966.85,971.54,2415594
1843,2017-05-24,976,981,970.23,980.35,2463052
1844,2017-05-25,984.85,999,982.11,993.38,4822032
1845,2017-05-26,995,998.65,989.2491,995.78,3469154
1846,2017-05-30,996.51,1001.2,995.52,996.7,3263069
1847,2017-05-31,1000,1000.12,982.16,994.62,3913115
1848,2017-06-01,998.59,998.99,991.37,995.95,2454841
1849,2017-06-02,998.99,1008.48,995.67,1006.73,3752328
1850,2017-06-05,1007.23,1013.21,1003.51,1011.34,2719859
1851,2017-06-06,1012,1016.5,1001.25,1003,3346432
1852,2017-06-07,1005.95,1010.25,1002,1010.07,2823041
1853,2017-06-08,1012.06,1013.61,1006.11,1010.27,2767857
1854,2017-06-09,1012.5,1012.99,927,978.31,7647692
1855,2017-06-12,967,975.95,945,964.91,9447233
1856,2017-06-13,977.99,984.5,966.1,980.79,4580011
1857,2017-06-14,988.59,990.34,966.71,976.47,3974900
1858,2017-06-15,958.7,965.73,950.86,964.17,5373865
1859,2017-06-16,996,999.75,982,987.71,11472662
1860,2017-06-19,1017,1017,989.9,995.17,5043408
1861,2017-06-20,998,1004.88,992.02,992.59,4076828
1862,2017-06-21,998.7,1002.72,992.6518,1002.23,2922473
1863,2017-06-22,1002.23,1006.96,997.2,1001.3,2253433
1864,2017-06-23,1002.54,1004.62,998.02,1003.74,2879145
1865,2017-06-26,1008.5,1009.8,992,993.98,3386157
1866,2017-06-27,990.69,998.8,976,976.78,3782389
1867,2017-06-28,978.55,990.68,969.21,990.33,3737567
1868,2017-06-29,979,987.56,965.25,975.93,4302968
1869,2017-06-30,980.12,983.47,967.61,968,3390345
1870,2017-07-03,972.79,974.49,951.0001,953.66,2909108
1871,2017-07-05,961.53,975,955.25,971.4,3652955
1872,2017-07-06,964.66,974.4,959.02,965.14,3259613
1873,2017-07-07,969.55,980.11,969.14,978.76,2643387
1874,2017-07-10,985,999.4392,983.5,996.47,3546268
1875,2017-07-11,993,995.99,983.72,994.13,2982726
1876,2017-07-12,1000.65,1008.55,998.1,1006.51,3608574
1877,2017-07-13,1004.62,1006.88,995.9,1000.63,2880769
1878,2017-07-14,1002.4,1004.45,996.89,1001.81,2102469
1879,2017-07-17,1004.69,1014.75,1003.81,1010.04,3712587
1880,2017-07-18,1006,1026.03,1004,1024.45,4007624
1881,2017-07-19,1025,1031.59,1022.5,1026.87,2963964
1882,2017-07-20,1031.59,1034.97,1022.52,1028.7,3097487
1883,2017-07-21,1021.28,1026.1,1011,1025.67,2734577
1884,2017-07-24,1028.34,1043.01,1027.43,1038.95,3288020
1885,2017-07-25,1038.05,1043.33,1032.48,1039.87,2447629
1886,2017-07-26,1043.2,1053.2,1043.2,1052.8,2921253
1887,2017-07-27,1069.55,1083.31,1040.18,1046,10991715
1888,2017-07-28,1012.14,1032.85,1001,1020.04,7709420
1889,2017-07-31,1019.05,1019.05,987.02,987.78,7352063
1890,2017-08-01,996.11,1006.4,991.58,996.19,4572576
1891,2017-08-02,1001.77,1003.21,981.73,995.89,4069993
1892,2017-08-03,999.47,999.5,984.59,986.92,3255764
1893,2017-08-04,989.68,991.672,982,987.58,2730308
1894,2017-08-07,990.65,995,987.14,992.27,2676607
1895,2017-08-08,994.35,996.28,985.79,989.84,2902815
1896,2017-08-09,982.6,988,975.27,982.01,3569731
1897,2017-08-10,976.295,979.86,954.68,956.92,5684068
1898,2017-08-11,960,970.39,951.38,967.99,3468017
1899,2017-08-14,978.41,985.5,976.19,983.3,3172892
1900,2017-08-15,988.9,991.74,982,982.74,2549295
1901,2017-08-16,981.65,986.4605,973.22,978.18,3132066
1902,2017-08-17,977.84,977.84,960.32,960.57,3512397
1903,2017-08-18,961.4,965.43,954.65,958.47,3284821
1904,2017-08-21,957.57,961.2,945.46,953.29,3164483
1905,2017-08-22,955.52,967.93,955.495,966.9,2749970
1906,2017-08-23,959.38,962,954.2,958,2668264
1907,2017-08-24,957.42,959,941.14,952.45,5195726
1908,2017-08-25,956,957.6210000000001,944.1,945.26,3324791
1909,2017-08-28,946.54,953,942.25,946.02,2596737
1910,2017-08-29,940,956,936.33,954.06,2874299
1911,2017-08-30,958.44,969.41,956.9062,967.59,2904604
1912,2017-08-31,974.7,981,972.76,980.6,3331488
1913,2017-09-01,984.2,984.5,976.875,978.25,2535917
1914,2017-09-05,975.4,976.7699,960.37,965.27,2998649
1915,2017-09-06,968.32,971.84,960.6,967.8,2129861
1916,2017-09-07,974,980.59,972.55,979.47,2566794
1917,2017-09-08,979.1,979.88,963.47,965.9,2605322
1918,2017-09-11,974.46,981.94,974.22,977.96,2186666
1919,2017-09-12,983.27,984.6718,975.5169999999999,982.58,2481066
1920,2017-09-13,983.97,1000,979.42,999.6,3374650
1921,2017-09-14,996.8,998.56,987.74,992.21,3913263
1922,2017-09-15,993.01,996.25,984.03,986.79,3760183
1923,2017-09-18,990.4,992.7922,968.17,974.19,3411324
1924,2017-09-19,977.25,978.24,967.46,969.86,2671054
1925,2017-09-20,971.79,974.81,962.1626,973.21,2888795
1926,2017-09-21,971.31,971.7,962.02,964.65,2337576
1927,2017-09-22,961.01,965.61,954.42,955.1,2641787
1928,2017-09-25,949.31,949.42,932.89,939.79,5123997
1929,2017-09-26,945.49,948.63,931.75,938.6,3564848
1930,2017-09-27,948,955.3,943.3,950.87,3148933
1931,2017-09-28,951.86,959.7,950.1010000000001,956.4,2522567
1932,2017-09-29,960.11,964.83,958.375,961.35,2543759
1933,2017-10-02,964,967.305,952.1201,959.19,2442937
1934,2017-10-03,958,963.69,950.37,957.1,2666574
1935,2017-10-04,954.21,967.79,954.05,965.45,2527352
1936,2017-10-05,970,981.51,969.64,980.85,3229224
1937,2017-10-06,975.64,995.75,975.64,989.58,3782067
1938,2017-10-09,993.24,998.5,987.5,990.99,2938586
1939,2017-10-10,996.67,997.95,980.0989999999999,987.2,3084921
1940,2017-10-11,991.27,995.5,986.695,995,2337113
1941,2017-10-12,996.81,1008.44,992.4,1000.93,4067317
1942,2017-10-13,1007,1007.77,1001.03,1002.94,2431462
1943,2017-10-16,1008.44,1009.57,1001.04,1006.34,2008908
1944,2017-10-17,1005.59,1011.47,1004.38,1009.13,2319742
1945,2017-10-18,1009.27,1022.31,996.55,997,2499681
1946,2017-10-19,990,991.05,980.24,986.61,3108197
1947,2017-10-20,993.53,994.62,982,982.91,2365122
1948,2017-10-23,986.73,986.775,962.5,966.3,3494100
1949,2017-10-24,969,979.85,965,975.9,2723935
1950,2017-10-25,978,984.44,966.24,972.91,3033113
1951,2017-10-26,980.33,982.9,968.55,972.43,5618675
1952,2017-10-27,1058.14,1105.58,1050.55,1100.95,16565021
1953,2017-10-30,1095.01,1122.79,1093.56,1110.85,6613064
1954,2017-10-31,1109,1110.54,1101.12,1105.28,3476967
1955,2017-11-01,1105.4,1108.97,1096.74,1103.68,3755511
1956,2017-11-02,1097.81,1101.94,1086.87,1094.22,3684876
1957,2017-11-03,1091.15,1112.68,1088.52,1111.6,3751480
1958,2017-11-06,1109.15,1125.41,1108.77,1120.66,3381138
1959,2017-11-07,1124.74,1130.6,1117.5,1123.17,2688977
1960,2017-11-08,1122.82,1135.54,1119.11,1132.88,2534748
1961,2017-11-09,1125.96,1129.62,1115.77,1129.13,3725774
1962,2017-11-10,1126.1,1131.75,1124.06,1125.35,2179937
1963,2017-11-13,1123,1139.9,1122.34,1129.17,2918439
1964,2017-11-14,1130.11,1138,1123.89,1136.84,3138423
1965,2017-11-15,1127.01,1131.75,1121.63,1126.69,3928680
1966,2017-11-16,1130.16,1138.16,1130.05,1137.29,2213322
1967,2017-11-17,1138.28,1138.8,1125.81,1129.88,2413388
1968,2017-11-20,1129.77,1133.42,1122.55,1126.31,2163855
1969,2017-11-21,1132.86,1140,1128.2,1139.49,2479397
1970,2017-11-22,1141,1160.27,1141,1156.16,3555273
1971,2017-11-24,1160.7,1186.84,1160.7,1186,3528011
1972,2017-11-27,1202.66,1213.41,1191.15,1195.83,6744045
1973,2017-11-28,1204.88,1205.34,1188.52,1193.6,4559449
1974,2017-11-29,1194.8,1194.8,1145.19,1161.27,9257512
1975,2017-11-30,1167.1,1178.57,1160,1176.75,4509208
1976,2017-12-01,1172.05,1179.65,1152,1162.35,4107094
1977,2017-12-04,1173.85,1175.2,1128,1133.95,5931915
1978,2017-12-05,1128.26,1159.27,1124.74,1141.57,4079774
1979,2017-12-06,1137.99,1155.89,1136.08,1152.35,2853316
1980,2017-12-07,1156.59,1163.19,1151,1159.79,2511569
1981,2017-12-08,1170.4,1172.79,1157.1,1162,3050074
1982,2017-12-11,1164.6,1169.9,1157,1168.92,2363473
1983,2017-12-12,1166.51,1173.6,1161.61,1165.08,2235892
1984,2017-12-13,1170,1170.87,1160.27,1164.13,2616760
1985,2017-12-14,1163.71,1177.93,1162.45,1174.26,3214337
1986,2017-12-15,1179.03,1182.75,1169.33,1179.14,4778621
1987,2017-12-18,1187.37,1194.78,1180.91,1190.58,2947625
1988,2017-12-19,1189.15,1192.97,1179.14,1187.38,2587792
1989,2017-12-20,1190.5,1191,1176,1177.62,2371166
1990,2017-12-21,1175.9,1179.17,1167.64,1174.76,2123117
1991,2017-12-22,1172.08,1174.62,1167.83,1168.36,1585054
1992,2017-12-26,1168.36,1178.32,1160.55,1176.76,2005187
1993,2017-12-27,1179.91,1187.29,1175.61,1182.26,1867208
1994,2017-12-28,1189,1190.1,1184.38,1186.1,1841676
1995,2017-12-29,1182.35,1184,1167.5,1169.47,2688391
1996,2018-01-02,1172,1190,1170.51,1189.01,2694494
1997,2018-01-03,1188.3,1205.49,1188.3,1204.2,3108793
1998,2018-01-04,1205,1215.87,1204.66,1209.59,3022089
1999,2018-01-05,1217.51,1229.14,1210,1229.14,3544743
2000,2018-01-08,1236,1253.08,1232.03,1246.87,4279475
2001,2018-01-09,1256.9,1259.33,1241.76,1252.7,3661316
2002,2018-01-10,1245.15,1254.33,1237.23,1254.33,2686017
2003,2018-01-11,1259.74,1276.77,1256.46,1276.68,3125048
2004,2018-01-12,1273.39,1305.76,1273.39,1305.2,5443730
2005,2018-01-16,1323,1339.94,1292.3,1304.86,7220701
2006,2018-01-17,1312.24,1314,1280.88,1295,5253754
2007,2018-01-18,1293.95,1304.6,1284.02,1293.32,4026915
2008,2018-01-19,1312,1313,1292.99,1294.58,4578536
2009,2018-01-22,1297.17,1327.45,1296.66,1327.31,4140061
2010,2018-01-23,1338.09,1364.9,1337.34,1362.54,5169306
2011,2018-01-24,1374.82,1388.16,1338,1357.51,6807457
2012,2018-01-25,1368,1378.34,1357.62,1377.95,4753012
2013,2018-01-26,1392.01,1402.53,1380.91,1402.05,4857310
2014,2018-01-29,1409.18,1431.39,1400.44,1417.68,5701898
2015,2018-01-30,1403.17,1439.25,1392,1437.82,5871942
2016,2018-01-31,1451.3,1472.58,1450.04,1450.89,6424693
2017,2018-02-01,1445,1459.88,1385.14,1390,9113808
2018,2018-02-02,1477.39,1498,1414,1429.95,11125722
2019,2018-02-05,1402.62,1458.98,1320.72,1390,11494985
2020,2018-02-06,1361.46,1443.99,1351.79,1442.84,11066819
2021,2018-02-07,1449,1460.99,1415.15,1416.78,7162741
2022,2018-02-08,1429.67,1433.75,1349.94,1350.5,8578557
2023,2018-02-09,1373.49,1383.5,1265.93,1339.6,14141524
2024,2018-02-12,1364.67,1393.81,1344.01,1386.23,6738944
2025,2018-02-13,1385.93,1419.72,1383.53,1414.51,5917879
2026,2018-02-14,1406.25,1452.06,1403.36,1451.05,5959209
2027,2018-02-15,1466.89,1468.94,1436.84,1461.76,5652736
2028,2018-02-16,1457.37,1465.8,1446.56,1448.69,4472564
2029,2018-02-20,1446.49,1488.77,1446.49,1468.35,6499228
2030,2018-02-21,1485,1503.49,1478.92,1482.92,6304351
2031,2018-02-22,1495.36,1502.54,1475.76,1485.34,4858063
2032,2018-02-23,1495.34,1500,1486.5,1500,4418103
2033,2018-02-26,1509.2,1522.84,1507,1521.95,4954988
2034,2018-02-27,1524.5,1526.78,1507.21,1511.98,4808776
2035,2018-02-28,1519.51,1528.7,1512,1512.45,4515023
2036,2018-03-01,1513.6,1518.49,1465,1493.45,6835230
2037,2018-03-02,1469.1,1501.05,1455.01,1500.25,6587564
2038,2018-03-05,1494.24,1525.38,1481,1523.61,5233934
2039,2018-03-06,1533.2,1542.13,1528,1537.64,4561718
2040,2018-03-07,1526.52,1545.9,1522.51,1545,4174123
2041,2018-03-08,1550,1554.88,1545.25,1551.86,3862615
2042,2018-03-09,1563.5,1578.94,1559.08,1578.89,4534250
2043,2018-03-12,1592.6,1605.33,1586.7,1598.39,5174211
2044,2018-03-13,1615.96,1617.54,1578.01,1588.18,6531892
2045,2018-03-14,1597,1606.44,1590.89,1591,4259443
2046,2018-03-15,1595,1596.91,1578.11,1582.32,4069701
2047,2018-03-16,1583.45,1589.44,1567.5,1571.68,5425012
2048,2018-03-19,1554.53,1561.66,1525.35,1544.93,6580766
2049,2018-03-20,1550.34,1587,1545.41,1586.51,4581568
2050,2018-03-21,1586.45,1590,1563.17,1581.86,4750771
2051,2018-03-22,1565.47,1573.85,1542.4,1544.92,6320551
2052,2018-03-23,1539.01,1549.02,1495.36,1495.56,8006033
2053,2018-03-26,1530,1556.99,1499.25,1555.86,5624700
2054,2018-03-27,1572.4,1575.96,1482.32,1497.05,6999631
2055,2018-03-28,1447,1455.9,1386.17,1431.42,13705317
2056,2018-03-29,1406,1455.47,1365.2,1447.34,12581121
2057,2018-04-02,1417.62,1421.36,1355,1371.99,10463607
2058,2018-04-03,1391.38,1414,1355.33,1392.05,10231212
2059,2018-04-04,1358.24,1415.39,1352.88,1410.57,6982305
2060,2018-04-05,1441.99,1459.56,1427.07,1451.75,6413459
2061,2018-04-06,1429.97,1452.5,1400.26,1405.23,5882257
2062,2018-04-09,1425.03,1438.48,1402.57,1406.08,4208206
2063,2018-04-10,1431.99,1438.38,1415.7,1436.22,4280144
2064,2018-04-11,1439.44,1448.78,1424.89,1427.05,3582533
2065,2018-04-12,1439.5,1452.12,1435.06,1448.5,3135027
2066,2018-04-13,1449.14,1459.78,1424.52,1430.79,3685267
2067,2018-04-16,1445,1447,1427.48,1441.5,2808624
2068,2018-04-17,1462.3,1507.19,1457.02,1503.83,5114403
2069,2018-04-18,1514.65,1533.8,1504.11,1527.84,5227509
2070,2018-04-19,1543.22,1568.52,1539.06,1556.91,6523728
2071,2018-04-20,1561.2,1561.2,1516.09,1527.49,5541622
2072,2018-04-23,1546.69,1548,1503.41,1517.86,4465424
2073,2018-04-24,1535.8,1539.5,1448.45,1460.09,7494699
2074,2018-04-25,1458,1469.99,1415.02,1460.17,6587290
2075,2018-04-26,1485.01,1529.42,1478.5,1517.96,8801101
2076,2018-04-27,1634.01,1638.1,1567.39,1572.62,13053241
2077,2018-04-30,1582.5,1596,1560.94,1566.13,5464085
2078,2018-05-01,1563.22,1585,1552.18,1582.26,4572071
2079,2018-05-02,1580.98,1588.5,1566.36,1569.68,4360273
2080,2018-05-03,1560.01,1574.8,1546.02,1572.08,4251917
2081,2018-05-04,1562.45,1584.9,1562.19,1580.95,3443567
2082,2018-05-07,1589.34,1606.95,1587.83,1600.14,3801855
2083,2018-05-08,1595,1596.88,1582.51,1592.39,3067949
2084,2018-05-09,1600,1608,1592,1608,3637302
2085,2018-05-10,1608.48,1615.6,1603.44,1609.08,2817450
2086,2018-05-11,1610.99,1611.1,1597.89,1602.91,2263900
2087,2018-05-14,1604,1611.18,1600.05,1601.54,2509483
2088,2018-05-15,1587.8,1587.8,1565.22,1576.12,5077465
2089,2018-05-16,1577.5,1594.43,1576.67,1587.28,2570572
2090,2018-05-17,1580.56,1594.04,1573,1581.76,2147606
2091,2018-05-18,1581.33,1583.59,1572.1,1574.37,2642584
2092,2018-05-21,1585,1592.05,1575,1585.46,2925235
2093,2018-05-22,1589.89,1589.89,1575.25,1581.4,2115639
2094,2018-05-23,1571.05,1601.86,1566.34,1601.86,3361892
2095,2018-05-24,1598.03,1608.24,1588.38,1603.07,3429975
2096,2018-05-25,1603,1614.12,1600.45,1610.15,2698400
2097,2018-05-29,1600.71,1621.79,1600.15,1612.87,3846477
2098,2018-05-30,1618.1,1626,1612.93,1624.89,2907357
2099,2018-05-31,1623,1635,1621.35,1629.62,3166330
2100,2018-06-01,1637.03,1646.73,1635.09,1641.54,3313385
2101,2018-06-04,1648.9,1665.68,1645.49,1665.27,3187737
2102,2018-06-05,1672.99,1699,1670.06,1696.35,4782177
2103,2018-06-06,1704.51,1714.5,1686.47,1695.75,5473213
2104,2018-06-07,1698.56,1699.9,1676.11,1689.3,3765687
2105,2018-06-08,1681.12,1689.44,1673.01,1683.99,2955110
2106,2018-06-11,1681.51,1694.24,1680.59,1689.12,2335484
2107,2018-06-12,1693,1699.51,1691.52,1698.75,2259215
2108,2018-06-13,1702.81,1713.75,1700.12,1704.86,3327529
2109,2018-06-14,1713.48,1724.8,1708.87,1723.86,3174415
2110,2018-06-15,1714,1720.87,1708.52,1715.97,4777646
2111,2018-06-18,1706.26,1726.74,1702.56,1723.79,3107742
2112,2018-06-19,1709.04,1736.11,1700.39,1734.78,4290117
2113,2018-06-20,1742.5,1762.93,1741.36,1750.08,4332591
2114,2018-06-21,1760,1763.1,1717.56,1730.22,4941148
2115,2018-06-22,1742.62,1743,1711.9,1715.67,4075124
2116,2018-06-25,1702.51,1705,1646.31,1663.15,7511196
2117,2018-06-26,1672.37,1701.57,1663.34,1691.09,4386585
2118,2018-06-27,1708.11,1711.95,1660,1660.51,4872201
2119,2018-06-28,1672.54,1705.5,1661.17,1701.45,4529700
2120,2018-06-29,1717,1723.41,1694.32,1699.8,4543508
2121,2018-07-02,1682.7,1713.89,1678.06,1713.78,3180398
2122,2018-07-03,1723.96,1725,1692.48,1693.96,2177276
2123,2018-07-05,1705.38,1710.69,1682.15,1699.73,2983110
2124,2018-07-06,1696,1715.27,1691.67,1710.63,2650262
2125,2018-07-09,1724.05,1739.56,1716.23,1739.02,3011988
2126,2018-07-10,1738.53,1750,1731,1743.07,3002905
2127,2018-07-11,1737.99,1756.96,1734,1755,3209782
2128,2018-07-12,1764.51,1798,1762.18,1796.62,4532743
2129,2018-07-13,1803.93,1815.3,1795.22,1813.03,4386679
2130,2018-07-16,1821.95,1841.95,1814.45,1822.49,5466195
2131,2018-07-17,1811.56,1851.69,1797.38,1843.93,5682881
2132,2018-07-18,1848,1858.88,1831.27,1842.92,4861913
2133,2018-07-19,1829.46,1841,1811.27,1812.97,4676942
2134,2018-07-20,1825.01,1834.84,1810.06,1813.7,3891566
2135,2018-07-23,1812.21,1819,1769.99,1802,3888462
2136,2018-07-24,1829.01,1840,1809.38,1829.24,4278723
2137,2018-07-25,1829.3,1863.84,1822.64,1863.61,3836333
2138,2018-07-26,1839,1844.68,1804.5,1808,9924371
2139,2018-07-27,1876.05,1880.05,1806.53,1817.27,9680959
2140,2018-07-30,1827.33,1829.5,1766.02,1779.22,6562321
2141,2018-07-31,1786.49,1801.83,1739.32,1777.44,5738713
2142,2018-08-01,1784,1798.44,1776.02,1797.17,4153096
2143,2018-08-02,1788.77,1836.56,1786,1834.33,4354681
2144,2018-08-03,1837.74,1841,1821.5,1823.29,3460487
2145,2018-08-06,1825.81,1847.77,1818.92,1847.75,3391825
2146,2018-08-07,1854.53,1869.72,1846.27,1862.48,3377473
2147,2018-08-08,1861,1891.51,1854.5,1886.52,3963017
2148,2018-08-09,1882,1914.57,1877.48,1898.52,4860374
2149,2018-08-10,1888.51,1899.5,1878.21,1886.3,3639927
2150,2018-08-13,1898.5,1925,1893.67,1896.2,5531475
2151,2018-08-14,1919.39,1921.01,1900,1919.65,3986123
2152,2018-08-15,1909.55,1916.21,1869.79,1882.62,7700682
2153,2018-08-16,1903.94,1905,1883.55,1886.52,3957090
2154,2018-08-17,1885.8,1888,1855.55,1882.22,4104300
2155,2018-08-20,1890.57,1891.75,1866.06,1876.71,2862016
2156,2018-08-21,1880,1897.75,1874.4,1883.42,3105626
2157,2018-08-22,1876.64,1905.8,1876.64,1904.9,3080464
2158,2018-08-23,1907.17,1919.5,1900.76,1902.9,3562997
2159,2018-08-24,1910.51,1916.01,1902.54,1905.39,2800863
2160,2018-08-27,1915,1927.7,1909.28,1927.68,3569037
2161,2018-08-28,1937.73,1941.78,1928.82,1932.82,3100727
2162,2018-08-29,1953.45,1998.69,1948.94,1998.1,6531761
2163,2018-08-30,1997.42,2025.57,1986.9,2002.38,7277257
2164,2018-08-31,2007,2022.38,2004.74,2012.71,4204378
2165,2018-09-04,2026.5,2050.5,2013,2039.51,5721093
2166,2018-09-05,2038.11,2040.38,1989.89,1994.82,8220576
2167,2018-09-06,2006.51,2007.5,1935.21,1958.31,7488680
2168,2018-09-07,1938.71,1975.2,1937.35,1952.07,4892643
2169,2018-09-10,1971,1973.04,1931.52,1939.01,4544831
2170,2018-09-11,1928.27,1988.88,1917,1987.15,5033645
2171,2018-09-12,1994,2000,1962.44,1990,4414012
2172,2018-09-13,2000,2008.76,1982.03,1989.87,3621511
2173,2018-09-14,1992.93,1993.65,1959.22,1970.19,3642030
2174,2018-09-17,1954.73,1956.82,1887.41,1908.03,7050192
2175,2018-09-18,1918.65,1958.2,1915.44,1941.05,4268706
2176,2018-09-19,1940.5,1940.83,1904.9,1926.42,4056822
2177,2018-09-20,1938.58,1955,1932.25,1944.3,3154934
2178,2018-09-21,1954.22,1957.31,1910.5,1915.01,6855898
2179,2018-09-24,1903.79,1936.88,1865,1934.36,4213728
2180,2018-09-25,1942.9,1975.91,1938.85,1974.55,4538407
2181,2018-09-26,1968.5,1995.25,1961.52,1974.85,4313459
2182,2018-09-27,1993.24,2016.16,1988.58,2012.98,4329391
2183,2018-09-28,2004.41,2026.52,1996.46,2003,4085135
2184,2018-10-01,2021.99,2033.19,2003.6,2004.36,3468285
2185,2018-10-02,1999.99,2013.39,1965.77,1971.31,5400749
2186,2018-10-03,1981.7,1989.7,1949.81,1952.76,5253131
2187,2018-10-04,1949,1956,1896.57,1909.42,7256973
2188,2018-10-05,1917.99,1929.08,1862.83,1889.65,6822327
2189,2018-10-08,1874,1902,1830.66,1864.42,7393199
2190,2018-10-09,1859.99,1896.68,1852.32,1870.32,4772866
2191,2018-10-10,1857.89,1858.56,1754.41,1755.25,10988855
2192,2018-10-11,1724,1755.4,1685.1,1719.36,13935872
2193,2018-10-12,1808,1808.95,1742.53,1788.61,9343778
2194,2018-10-15,1795,1795.05,1734.23,1760.95,6437162
2195,2018-10-16,1783.5,1823.88,1761.55,1819.96,5859918
2196,2018-10-17,1842.79,1845,1807,1831.73,5295177
2197,2018-10-18,1821.49,1830.15,1767.87,1770.72,5873995
2198,2018-10-19,1785.16,1809.1,1753,1764.03,5907246
2199,2018-10-22,1784,1809.5,1756,1789.3,4500015
2200,2018-10-23,1742.24,1776.34,1714,1768.7,6593509
2201,2018-10-24,1773.7,1777.71,1656.56,1664.2,6928383
2202,2018-10-25,1703.34,1794.81,1692.01,1782.17,10285742
2203,2018-10-26,1649.59,1698.46,1603,1642.81,14963783
2204,2018-10-29,1660,1665.74,1495,1538.88,13866077
2205,2018-10-30,1486.16,1540.99,1476.36,1530.42,12460086
2206,2018-10-31,1569.99,1623.91,1565.09,1598.01,9390211
2207,2018-11-01,1623.53,1670.45,1598.44,1665.53,8135539
2208,2018-11-02,1678.59,1697.44,1651.83,1665.53,6955548
2209,2018-11-05,1657.57,1658.09,1596.36,1627.8,5624727
2210,2018-11-06,1618.35,1665,1614.55,1642.81,4257353
2211,2018-11-07,1673,1759.23,1664.08,1755.49,8192234
2212,2018-11-08,1755,1784,1725.11,1754.91,6534866
2213,2018-11-09,1732.5,1743.92,1701.87,1712.43,5902186
2214,2018-11-12,1698.24,1708.55,1630.01,1636.85,6806245
2215,2018-11-13,1649.29,1677.06,1613.75,1631.17,5933271
2216,2018-11-14,1656.32,1673,1597.07,1599.01,6486891
2217,2018-11-15,1581.01,1624.82,1546.51,1619.44,8427337
2218,2018-11-16,1587.5,1614.48,1573.12,1593.41,6066080
2219,2018-11-19,1577.01,1581.19,1503.36,1512.29,7789981
2220,2018-11-20,1437.5,1534.75,1420,1495.46,10878823
2221,2018-11-21,1542.99,1550,1515,1516.73,5716800
2222,2018-11-23,1517,1536.2,1501.81,1502.06,2707642
2223,2018-11-26,1539,1584.81,1524.22,1581.33,6257716
2224,2018-11-27,1575.99,1597.65,1558.01,1581.42,5783227
2225,2018-11-28,1613.92,1681.45,1601.21,1677.75,8458738
2226,2018-11-29,1674.99,1689.99,1652.33,1673.57,6613243
2227,2018-11-30,1679.5,1696,1666.5,1690.17,5761761
2228,2018-12-03,1769.46,1778.34,1730,1772.36,6862160
2229,2018-12-04,1756,1770.34,1665,1668.4,8694455
2230,2018-12-06,1614.87,1701.05,1609.85,1699.19,8789394
2231,2018-12-07,1705.07,1718.93,1625.46,1629.13,7576132
2232,2018-12-10,1623.84,1657.99,1590.87,1641.03,7494808
2233,2018-12-11,1678,1679.47,1619.6,1643.24,6244695
2234,2018-12-12,1669,1704.99,1660.27,1663.54,6597968
2235,2018-12-13,1680,1692.12,1641.5,1658.38,5271162
2236,2018-12-14,1638,1642.57,1585,1591.91,6367163
2237,2018-12-17,1566,1576.13,1505.01,1520.91,8829762
2238,2018-12-18,1540,1567.55,1523.01,1551.48,6522975
2239,2018-12-19,1543.05,1584.53,1483.18,1495.08,8792189
2240,2018-12-20,1484,1509.5,1432.69,1460.83,9991833
2241,2018-12-21,1464.99,1480,1363.96,1377.45,13259444
2242,2018-12-24,1346,1396.03,1307,1343.96,7219996
2243,2018-12-26,1368.89,1473.16,1363.01,1470.9,10411801
2244,2018-12-27,1454.2,1469,1390.31,1461.64,9722034
2245,2018-12-28,1473.35,1513.47,1449,1478.02,8828950
2246,2019-01-02,1465.2,1553.36,1460.93,1539.13,7983103
2247,2019-01-03,1520.01,1538,1497.11,1500.28,6975572
2248,2019-01-04,1530,1594,1518.31,1575.39,9182575
2249,2019-01-07,1602.31,1634.56,1589.18,1629.51,7993213
2250,2019-01-08,1664.69,1676.61,1616.61,1656.58,8881428
2251,2019-01-09,1652.98,1667.8,1641.4,1659.42,6348801
2252,2019-01-10,1641.01,1663.25,1621.62,1656.22,6507693
2253,2019-01-11,1640.55,1660.29,1636.22,1640.56,4686222
2254,2019-01-14,1615,1648.2,1595.15,1617.21,6005888
2255,2019-01-15,1632,1675.16,1626.01,1674.56,5998510
2256,2019-01-16,1684.22,1705,1675.88,1683.78,6366864
2257,2019-01-17,1680,1700.17,1677.5,1693.22,4208875
2258,2019-01-18,1712,1716.2,1691.54,1696.2,6020503
2259,2019-01-22,1681,1681.87,1610.2,1632.17,6416796
2260,2019-01-23,1656,1657.43,1612,1640.02,5225212
2261,2019-01-24,1641.07,1657.26,1631.78,1654.93,4089943
2262,2019-01-25,1670.5,1683.48,1661.61,1670.57,4959679
2263,2019-01-28,1643.59,1645,1614.09,1637.89,4837711
2264,2019-01-29,1631.27,1632.38,1590.72,1593.88,4632782
2265,2019-01-30,1623,1676.95,1619.68,1670.43,5783822
2266,2019-01-31,1692.85,1736.41,1679.08,1718.73,10910338
2267,2019-02-01,1638.88,1673.06,1622.01,1626.23,11506213
2268,2019-02-04,1623,1649.63,1613.5,1633.31,4929187
2269,2019-02-05,1643.34,1665.26,1642.5,1658.81,4453105
2270,2019-02-06,1670.75,1672.26,1633.34,1640.26,3939883
2271,2019-02-07,1625,1625.54,1592.91,1614.37,4626589
2272,2019-02-08,1586,1588.59,1566.76,1588.22,5657457
2273,2019-02-11,1600.98,1609.29,1586,1591,3317328
2274,2019-02-12,1604,1639.39,1598.88,1638.01,4858604
2275,2019-02-13,1647,1656.38,1637.11,1640,3560321
2276,2019-02-14,1624.5,1637.9,1606.06,1622.65,4120524
2277,2019-02-15,1627.86,1628.91,1604.5,1607.95,4343893
2278,2019-02-19,1601,1634,1600.56,1627.58,3681656
2279,2019-02-20,1630,1634.93,1610.12,1622.1,3337589
2280,2019-02-21,1619.85,1623.56,1600.91,1619.44,3483392
2281,2019-02-22,1623.5,1634.94,1621.17,1631.56,3096191
2282,2019-02-25,1641.45,1654.6,1630.39,1633,3184462
2283,2019-02-26,1625.98,1639.99,1616.13,1636.4,2665815
2284,2019-02-27,1628.18,1641.81,1615.1,1641.09,3148824
2285,2019-02-28,1635.25,1651.77,1633.83,1639.83,3025891
2286,2019-03-01,1655.13,1674.26,1651,1671.73,4974877
2287,2019-03-04,1685,1709.43,1674.36,1696.17,6167358
2288,2019-03-05,1702.95,1707.8,1689.01,1692.43,3681522
2289,2019-03-06,1695.97,1697.75,1668.28,1668.95,3996001
2290,2019-03-07,1667.37,1669.75,1620.51,1625.95,4957017
2291,2019-03-08,1604.01,1622.72,1586.57,1620.8,4667014
2292,2019-03-11,1626.12,1672.29,1626.01,1670.62,3876352
2293,2019-03-12,1669,1684.27,1660.98,1673.1,3614498
2294,2019-03-13,1683,1700,1679.35,1690.81,3552041
2295,2019-03-14,1691.2,1702,1684.34,1686.22,2924918
2296,2019-03-15,1703,1718.8,1693.13,1712.36,7550870
2297,2019-03-18,1712.7,1750,1712.63,1742.15,5429058
2298,2019-03-19,1753.51,1784.16,1753.51,1761.85,6364161
2299,2019-03-20,1769.94,1799.5,1767.03,1797.27,6265633
2300,2019-03-21,1796.26,1823.75,1787.28,1819.26,5477678
2301,2019-03-22,1810.17,1818.98,1763.11,1764.77,6362983
2302,2019-03-25,1757.79,1782.68,1747.5,1774.26,5103803
2303,2019-03-26,1793,1805.77,1773.36,1783.76,4865880
2304,2019-03-27,1784.13,1787.5,1745.68,1765.7,4324801
2305,2019-03-28,1770,1777.93,1753.47,1773.42,3042958
2306,2019-03-29,1786.58,1792.86,1776.63,1780.75,3320793
2307,2019-04-01,1800.11,1815.67,1798.73,1814.19,4238752
2308,2019-04-02,1811.02,1820,1805.12,1813.98,3448115
2309,2019-04-03,1826.72,1830,1809.62,1820.7,3980590
2310,2019-04-04,1820.65,1828.75,1804.2,1818.86,3623867
2311,2019-04-05,1829,1838.58,1825.19,1837.28,3640476
2312,2019-04-08,1833.23,1850.2,1825.11,1849.86,3752841
2313,2019-04-09,1845.49,1853.09,1831.78,1835.84,3714368
2314,2019-04-10,1841,1848,1828.81,1847.33,2963973
2315,2019-04-11,1848.7,1849.95,1840.31,1844.07,2654842
2316,2019-04-12,1848.4,1851.5,1841.3,1843.06,2907182
2317,2019-04-15,1842,1846.85,1818.9,1844.87,3724423
2318,2019-04-16,1851.35,1869.77,1848,1863.04,3044618
2319,2019-04-17,1872.99,1876.47,1860.44,1864.82,2893517
2320,2019-04-18,1868.79,1870.82,1859.48,1861.69,2749882
2321,2019-04-22,1855.4,1888.42,1845.64,1887.31,3373807
2322,2019-04-23,1891.2,1929.26,1889.58,1923.77,4640441
2323,2019-04-24,1925,1929.69,1898.16,1901.75,3675781
2324,2019-04-25,1917,1922.45,1900.31,1902.25,6099101
2325,2019-04-26,1929,1951,1898,1950.63,8432563
2326,2019-04-29,1949,1956.34,1934.09,1938.43,4021255
2327,2019-04-30,1930.1,1935.71,1906.95,1926.52,3506007
2328,2019-05-01,1933.09,1943.64,1910.55,1911.52,3116964
2329,2019-05-02,1913.33,1921.55,1881.87,1900.82,3962915
2330,2019-05-03,1949,1964.4,1936,1962.46,6381564
2331,2019-05-06,1917.98,1959,1910.5,1950.55,5417841
2332,2019-05-07,1939.99,1949.1,1903.38,1921,5902134
2333,2019-05-08,1918.87,1935.37,1910,1917.77,4078568
2334,2019-05-09,1900,1909.4,1876,1899.87,5308263
2335,2019-05-10,1898,1903.79,1856,1889.98,5717994
2336,2019-05-13,1836.56,1846.54,1818,1822.68,5783410
2337,2019-05-14,1839.5,1852.44,1815.75,1840.12,4629107
2338,2019-05-15,1827.95,1874.43,1823,1871.15,4692642
2339,2019-05-16,1885.94,1917.51,1882.29,1907.57,4707822
2340,2019-05-17,1893.05,1910.53,1867.33,1869,4736618
2341,2019-05-20,1852.69,1867.78,1835.54,1858.97,3798198
2342,2019-05-21,1874.79,1879,1846,1857.52,4005122
2343,2019-05-22,1851.78,1871.48,1851,1859.68,2936601
2344,2019-05-23,1836.59,1844,1804.2,1815.48,4424265
2345,2019-05-24,1835.89,1841.76,1817.85,1823.28,3369673
2346,2019-05-28,1832.75,1849.27,1827.35,1836.43,3199965
2347,2019-05-29,1823.12,1830,1807.53,1819.19,4279025
2348,2019-05-30,1825.49,1829.47,1807.83,1816.32,3146850
2349,2019-05-31,1790.01,1795.59,1772.7,1775.07,4618819
2350,2019-06-03,1760.01,1766.29,1672,1692.69,9098708
2351,2019-06-04,1699.24,1730.82,1680.89,1729.56,5679121
2352,2019-06-05,1749.6,1752,1715.25,1738.5,4239782
2353,2019-06-06,1737.71,1760,1726.13,1754.36,3689272
2354,2019-06-07,1763.7,1806.25,1759.49,1804.03,4808246
2355,2019-06-10,1822,1884.87,1818,1860.63,5371007
2356,2019-06-11,1883.25,1893.7,1858,1863.7,4042694
2357,2019-06-12,1853.98,1865,1844.38,1855.32,2678335
2358,2019-06-13,1866.72,1883.09,1862.22,1870.3,2795810
2359,2019-06-14,1864,1876,1859,1869.67,2851163
2360,2019-06-17,1876.5,1895.69,1875.45,1886.03,2634342
2361,2019-06-18,1901.35,1921.67,1899.79,1901.37,3895728
2362,2019-06-19,1907.84,1919.58,1892.47,1908.79,2895347
2363,2019-06-20,1933.33,1935.2,1905.8,1918.19,3217153
2364,2019-06-21,1916.1,1925.95,1907.58,1911.3,3933576
2365,2019-06-24,1912.66,1916.86,1901.3,1913.9,2282969
2366,2019-06-25,1911.84,1916.38,1872.42,1878.27,3012347
2367,2019-06-26,1892.48,1903.8,1887.32,1897.83,2441910
2368,2019-06-27,1902,1911.24,1898.04,1904.28,2141721
2369,2019-06-28,1909.1,1912.94,1884,1893.63,3037358
2370,2019-07-01,1922.98,1929.82,1914.66,1922.19,3203347
2371,2019-07-02,1919.38,1934.79,1906.63,1934.31,2651299
2372,2019-07-03,1935.89,1941.59,1930.5,1939,1690294
2373,2019-07-05,1928.6,1945.9,1925.3,1942.91,2628359
2374,2019-07-08,1934.12,1956,1928.25,1952.32,2883371
2375,2019-07-09,1947.8,1990.01,1943.47,1988.3,4345698
2376,2019-07-10,1996.51,2024.94,1995.4,2017.41,4931902
2377,2019-07-11,2025.62,2035.8,1995.3,2001.07,4317766
2378,2019-07-12,2008.27,2017,2003.87,2011,2509297
2379,2019-07-15,2021.4,2022.9,2001.55,2020.99,2981343
2380,2019-07-16,2010.58,2026.32,2001.22,2009.9,2618198
2381,2019-07-17,2007.05,2012,1992.03,1992.03,2558809
2382,2019-07-18,1980.01,1987.5,1951.55,1977.9,3504252
2383,2019-07-19,1991.21,1996,1962.23,1964.52,3185612
2384,2019-07-22,1971.14,1989,1958.26,1985.63,2908111
2385,2019-07-23,1995.99,1997.79,1973.13,1994.49,2703480
2386,2019-07-24,1969.3,2001.3,1965.87,2000.81,2631300
2387,2019-07-25,2001,2001.2,1972.72,1973.82,4136461
2388,2019-07-26,1942,1950.89,1924.51,1943.05,4927143
2389,2019-07-29,1930,1932.23,1890.54,1912.45,4493190
2390,2019-07-30,1891.12,1909.89,1883.48,1898.53,2910888
2391,2019-07-31,1898.11,1899.55,1849.44,1866.78,4470727
2392,2019-08-01,1871.72,1897.92,1844.01,1855.32,4713311
2393,2019-08-02,1845.07,1846.36,1808.02,1823.24,4956225
2394,2019-08-05,1770.22,1788.67,1748.78,1765.13,6058212
2395,2019-08-06,1792.23,1793.77,1753.4,1787.83,5070258
2396,2019-08-07,1773.99,1798.93,1757,1793.4,4526884
2397,2019-08-08,1806,1834.26,1798.11,1832.89,3701242
2398,2019-08-09,1828.95,1831.09,1802.22,1807.58,2879770
2399,2019-08-12,1795.99,1800.98,1777,1784.92,2905498
2400,2019-08-13,1783,1831.74,1780,1824.34,4075021
2401,2019-08-14,1793.01,1795.65,1757.21,1762.96,4893649
2402,2019-08-15,1781.99,1788,1761.96,1776.12,3809948
2403,2019-08-16,1792.89,1802.91,1784.55,1792.57,3054240
2404,2019-08-19,1818.08,1826,1812.61,1816.12,2820303
2405,2019-08-20,1814.5,1816.82,1799.88,1801.38,1932835
2406,2019-08-21,1819.39,1829.58,1815,1823.54,2039231
2407,2019-08-22,1828,1829.41,1800.1,1805.6,2658388
2408,2019-08-23,1793.03,1804.9,1745.23,1749.62,5277898
2409,2019-08-26,1766.91,1770,1743.51,1768.87,3085320
2410,2019-08-27,1775.73,1779.4,1746.68,1761.83,3027245
2411,2019-08-28,1755,1767.86,1744.05,1764.25,2421893
2412,2019-08-29,1783,1798.55,1777.25,1786.4,3018012
2413,2019-08-30,1797.49,1799.74,1764.57,1776.29,3064147
2414,2019-09-03,1770,1800.8,1768,1789.84,3546859
2415,2019-09-04,1805,1807.63,1796.23,1800.62,2326228
2416,2019-09-05,1821.95,1842,1815.58,1840.72,3325189
2417,2019-09-06,1838.22,1840.65,1826.4,1833.51,2369925
2418,2019-09-09,1841,1850,1824.61,1831.35,2999515
2419,2019-09-10,1822.75,1825.81,1805.34,1820.55,2613879
2420,2019-09-11,1812.14,1833.42,1809.08,1822.99,2432767
2421,2019-09-12,1837.63,1853.66,1834.28,1843.55,2823505
2422,2019-09-13,1842.01,1846.12,1835.17,1839.34,1971317
2423,2019-09-16,1824.02,1825.69,1800.2,1807.84,3675473
2424,2019-09-17,1807.08,1823.99,1804.1,1822.55,2033058
2425,2019-09-18,1817.04,1822.06,1795.5,1817.46,2536012
2426,2019-09-19,1821.02,1832.57,1817.9,1821.5,2078335
2427,2019-09-20,1821.71,1830.63,1780.92,1794.16,5555839
2428,2019-09-23,1777,1792.7,1767.32,1785.3,3139142
2429,2019-09-24,1790.61,1795.7,1735.55,1741.61,4637901
2430,2019-09-25,1747.36,1773,1723,1768.33,3531098
2431,2019-09-26,1762.79,1763.37,1731.5,1739.84,3571952
2432,2019-09-27,1748,1749.12,1713.82,1725.45,3948029
2433,2019-09-30,1726.99,1737.46,1709.22,1735.91,2760768
2434,2019-10-01,1746,1755.6,1728.41,1735.65,3170460
2435,2019-10-02,1727.74,1728.89,1705,1713.23,3338476
2436,2019-10-03,1713,1725,1685.06,1724.42,3624371
2437,2019-10-04,1726.02,1740.58,1719.23,1739.65,2489277
2438,2019-10-07,1731.63,1747.83,1723.7,1732.66,2187598
2439,2019-10-08,1722.49,1727,1705,1705.51,2626840
2440,2019-10-09,1719.61,1729.95,1714.36,1721.99,2089335
2441,2019-10-10,1725.24,1738.29,1713.75,1720.26,2721531
2442,2019-10-11,1742.92,1745.45,1729.86,1731.92,3279534
2443,2019-10-14,1728.91,1741.89,1722,1736.43,1928898
2444,2019-10-15,1742.14,1776.45,1740.62,1767.38,3129244
2445,2019-10-16,1773.33,1786.24,1770.52,1777.43,2804068
2446,2019-10-17,1796.49,1798.85,1782.02,1787.48,2713773
2447,2019-10-18,1787.8,1793.98,1749.2,1757.51,3189382
2448,2019-10-21,1769.66,1785.88,1765,1785.66,2130431
2449,2019-10-22,1788.15,1789.78,1762,1765.73,2234425
2450,2019-10-23,1761.3,1770.05,1742,1762.17,2190380
2451,2019-10-24,1771.09,1788.34,1760.27,1780.78,5204350
2452,2019-10-25,1697.55,1764.21,1695,1761.33,9626402
2453,2019-10-28,1748.06,1778.7,1742.5,1777.08,3708851
2454,2019-10-29,1774.81,1777,1755.81,1762.71,2276855
2455,2019-10-30,1759.12,1782.38,1759.12,1779.99,2449405
2456,2019-10-31,1775.99,1792,1771.48,1776.66,2781185
2457,2019-11-01,1788.01,1797.44,1785.21,1791.44,2677070
2458,2019-11-04,1801.01,1815.06,1801.01,1804.66,2771922
2459,2019-11-05,1809.16,1810.25,1794,1801.71,1885543
2460,2019-11-06,1801,1802.5,1788.58,1795.77,2029783
2461,2019-11-07,1803.76,1805.9,1783.48,1788.2,2547432
2462,2019-11-08,1787.89,1789.88,1774.04,1785.88,2126198
2463,2019-11-11,1778,1780,1767.13,1771.65,1947810
2464,2019-11-12,1774.66,1786.22,1771.91,1778,2038925
2465,2019-11-13,1773.39,1775,1747.32,1753.11,2926892
2466,2019-11-14,1751.43,1766.59,1749.56,1754.6,2269417
2467,2019-11-15,1760.05,1761.68,1732.86,1739.49,3931141
2468,2019-11-18,1738.3,1753.7,1722.71,1752.53,2841907
2469,2019-11-19,1756.99,1760.68,1743.03,1752.79,2274535
2470,2019-11-20,1749.14,1762.52,1734.12,1745.53,2793759
2471,2019-11-21,1743,1746.87,1730.36,1734.71,2662938
2472,2019-11-22,1739.02,1746.43,1731,1745.72,2479081
2473,2019-11-25,1753.25,1777.42,1753.24,1773.84,3489467
2474,2019-11-26,1779.92,1797.03,1778.35,1796.94,3190428
2475,2019-11-27,1801,1824.5,1797.31,1818.51,3035846
2476,2019-11-29,1817.78,1824.69,1800.79,1800.8,1923440
2477,2019-12-02,1804.4,1805.55,1762.68,1781.6,3931750
2478,2019-12-03,1760,1772.87,1747.23,1769.96,3529582
2479,2019-12-04,1774.01,1789.09,1760.22,1760.69,2680700
2480,2019-12-05,1763.5,1763.5,1740,1740.48,2827852
2481,2019-12-06,1751.2,1754.4,1740.13,1751.6,3119979
2482,2019-12-09,1750.66,1766.89,1745.61,1749.51,2367511
2483,2019-12-10,1747.4,1750.67,1735,1739.21,2515644
2484,2019-12-11,1741.67,1750,1735.71,1748.72,2101318
2485,2019-12-12,1750,1764,1745.44,1760.33,3103949
2486,2019-12-13,1765,1768.99,1755,1760.94,2747909
2487,2019-12-16,1767,1769.5,1757.05,1769.21,3149345
2488,2019-12-17,1778.01,1792,1777.39,1790.66,3646697
2489,2019-12-18,1795.02,1798.2,1782.36,1784.03,3354137
2490,2019-12-19,1780.5,1792.99,1774.06,1792.28,2738320
2491,2019-12-20,1799.62,1802.97,1782.45,1786.5,5152460
2492,2019-12-23,1788.26,1793,1784.51,1793,2137493
2493,2019-12-24,1793.81,1795.57,1787.58,1789.21,881337
2494,2019-12-26,1801.01,1870.46,1799.5,1868.77,6024608
2495,2019-12-27,1882.92,1901.4,1866.01,1869.8,6188754
2496,2020-01-02,1875,1898.01,1864.15,1898.01,4035910
2497,2020-01-03,1864.5,1886.2,1864.5,1874.97,3766604
2498,2020-01-06,1860,1903.69,1860,1902.88,3964373
2499,2020-01-07,1904.5,1913.89,1892.04,1906.86,4134010
2500,2020-01-08,1898.04,1911,1886.44,1891.97,3511966
2501,2020-01-09,1909.89,1917.82,1895.8,1901.05,3142771
2502,2020-01-10,1905.37,1906.94,1880,1883.16,2856959
2503,2020-01-13,1891.31,1898,1880.8,1891.3,2753903
2504,2020-01-14,1885.88,1887.11,1858.55,1869.44,3446381
2505,2020-01-15,1872.25,1878.86,1855.09,1862.02,2896592
2506,2020-01-16,1882.99,1885.59,1866.02,1877.94,2659493
2507,2020-01-17,1885.89,1886.64,1857.25,1864.72,3997340
2508,2020-01-21,1865,1894.27,1860,1892,3643771
2509,2020-01-22,1896.09,1902.5,1883.34,1887.46,3216257
2510,2020-01-23,1885.11,1889.97,1872.76,1884.58,2484613
2511,2020-01-24,1891.37,1894.99,1847.44,1861.64,3766181
2512,2020-01-27,1820,1841,1815.34,1828.34,3528509
2513,2020-01-28,1840.5,1858.11,1830.02,1853.25,2680497
2514,2020-01-29,1864,1874.75,1855.02,1858,2101390
2515,2020-01-30,1858,1872.87,1850.61,1870.68,6327438
2516,2020-01-31,2051.47,2055.72,2002.27,2008.72,15567283
2517,2020-02-03,2010.6,2048.5,2000.25,2004.2,5899094
2518,2020-02-04,2029.88,2059.8,2015.37,2049.67,5255893
2519,2020-02-05,2071.02,2071.02,2032,2039.87,4376174
2520,2020-02-06,2041.02,2056.3,2024.8,2050.23,3058878
2521,2020-02-07,2041.99,2098.53,2038.1,2079.28,5074635
2522,2020-02-10,2085.01,2135.6,2084.96,2133.91,5056235
2523,2020-02-11,2150.9,2185.95,2136,2150.8,5746011
2524,2020-02-12,2163.2,2180.25,2155.29,2160,3334264
2525,2020-02-13,2144.99,2170.28,2142,2149.87,3031791