,Open,Close,Time,High,Low
0,479.02,479.38,2014-03-03T09:28:00+0530,479.54,479.02
1,475.12,474.87,2014-03-04T09:28:00+0530,475.12,474.85
2,477.75,477.75,2014-03-05T09:28:00+0530,477.85,477.63
3,480.47,480.37,2014-03-06T09:28:00+0530,480.48,480.25
4,478.44,477.87,2014-03-07T09:28:00+0530,478.44,477.82
5,461.1,461.25,2014-03-10T09:28:00+0530,461.44,461
6,456.88,456.57,2014-03-11T09:28:00+0530,456.92,456.5
7,461.29,461.37,2014-03-12T09:28:00+0530,461.48,460.88
8,423.67,424.56,2014-03-13T09:28:00+0530,424.78,423.18
9,423.7,424.13,2014-03-14T09:28:00+0530,424.38,423.7
10,423.73,423.88,2014-03-18T09:28:00+0530,423.88,423.59
11,410.04,409.38,2014-03-19T09:28:00+0530,410.04,408.45
12,411.48,411.63,2014-03-20T09:28:00+0530,411.78,411.39
13,413.75,412.77,2014-03-21T09:28:00+0530,413.75,411.59
14,413.99,414.09,2014-03-24T09:28:00+0530,414.25,413.94
15,407.73,407.7,2014-03-25T09:28:00+0530,407.99,407.5
16,405.42,405.88,2014-03-26T09:28:00+0530,405.99,405.42
17,405.17,405.12,2014-03-27T09:28:00+0530,405.74,405.07
18,405.57,405.7,2014-03-28T09:28:00+0530,405.71,405.38
19,413.84,413.76,2014-04-01T09:28:00+0530,414.24,413.75
20,416.89,417.05,2014-04-02T09:28:00+0530,417.09,416.89
21,416.44,416.64,2014-04-03T09:28:00+0530,416.78,416.44
22,419.12,418.88,2014-04-04T09:28:00+0530,419.14,418.88
23,413.25,413.38,2014-04-07T09:28:00+0530,413.38,413.03
24,410.72,410.64,2014-04-09T09:28:00+0530,410.89,410.63
25,405.17,404.87,2014-04-10T09:28:00+0530,405.21,404.79
26,400.58,400.47,2014-04-11T09:28:00+0530,400.58,400.37
27,416.98,417.37,2014-04-15T09:28:00+0530,417.63,416.87
28,402.37,402.13,2014-04-16T09:28:00+0530,402.5,402.13
29,396.65,396.89,2014-04-17T09:28:00+0530,397.12,396.63
30,400.25,400.47,2014-04-21T09:28:00+0530,400.61,400.25
31,398.68,398.44,2014-04-22T09:28:00+0530,398.68,398.26
32,397.31,396.97,2014-04-23T09:28:00+0530,397.31,396.93
33,397.85,397.4,2014-04-25T09:28:00+0530,397.92,397.4
34,397.4,397.39,2014-04-28T09:28:00+0530,397.56,397.32
35,398.39,398.39,2014-04-29T09:28:00+0530,398.39,398.25
36,398.25,398.32,2014-04-30T09:28:00+0530,398.4,398.25
37,400.25,400.33,2014-05-02T09:28:00+0530,400.33,400.06
38,403.13,403.09,2014-05-05T09:28:00+0530,403.63,402.89
39,397.36,397.41,2014-05-06T09:28:00+0530,398,397.11
40,394.45,395.44,2014-05-07T09:28:00+0530,395.44,394.45
41,384.75,384.63,2014-05-08T09:28:00+0530,384.89,384.5
42,383.82,383.75,2014-05-09T09:28:00+0530,383.84,383.75
43,390.78,391.2,2014-05-12T09:28:00+0530,391.2,390.64
44,399.01,399.19,2014-05-13T09:28:00+0530,399.37,398.75
45,404.63,404.65,2014-05-14T09:28:00+0530,404.75,404.35
46,408,407.44,2014-05-15T09:28:00+0530,408,407.35
47,411.75,411,2014-05-16T09:28:00+0530,411.84,410.8
48,386.39,386.39,2014-05-19T09:28:00+0530,386.51,386.38
49,384.6,383.74,2014-05-20T09:28:00+0530,384.6,383.63
50,389.77,390,2014-05-21T09:28:00+0530,390,389.56
51,390,390.37,2014-05-22T09:28:00+0530,390.4,390
52,387.47,387.38,2014-05-23T09:28:00+0530,387.5,387.38
53,386.5,386.28,2014-05-26T09:28:00+0530,386.5,386.25
54,391.27,391.14,2014-05-27T09:28:00+0530,391.5,390.88
55,392.45,392.74,2014-05-28T09:28:00+0530,392.76,392.41
56,371.45,371.13,2014-05-29T09:28:00+0530,371.76,370.82
57,367.5,367.38,2014-05-30T09:28:00+0530,367.5,367.13
58,372.52,373.25,2014-06-02T09:28:00+0530,373.29,372.52
59,377.85,377.85,2014-06-03T09:28:00+0530,377.87,377.84
60,374.75,374.04,2014-06-04T09:28:00+0530,374.75,373.75
61,371.88,371.47,2014-06-05T09:28:00+0530,371.9,371.38
62,374.58,374.5,2014-06-06T09:28:00+0530,374.59,374.44
63,373.8,374.29,2014-06-09T09:28:00+0530,374.38,373.8
64,376.1,376.08,2014-06-10T09:28:00+0530,376.21,376.08
65,395.94,397,2014-06-11T09:28:00+0530,397.5,395.94
66,403.37,403.05,2014-06-12T09:28:00+0530,403.37,402.88
67,392.65,392.89,2014-06-13T09:28:00+0530,392.89,392.5
68,403.63,403.13,2014-06-16T09:28:00+0530,403.63,402.93
69,407.68,407.5,2014-06-17T09:28:00+0530,407.68,407.49
70,407.38,407.33,2014-06-18T09:28:00+0530,407.5,407.06
71,411.32,411.94,2014-06-19T09:28:00+0530,412.05,411.32
72,414.08,413.89,2014-06-20T09:28:00+0530,414.08,413.88
73,409.82,409.87,2014-06-23T09:28:00+0530,410.07,409.77
74,401.72,401.67,2014-06-24T09:28:00+0530,401.94,401.63
75,403.49,403.93,2014-06-25T09:28:00+0530,403.93,403.31
76,402.48,402.13,2014-06-26T09:28:00+0530,402.48,401.88
77,400.54,400.57,2014-06-27T09:28:00+0530,400.63,400.27
78,406.62,406.69,2014-06-30T09:28:00+0530,406.88,406.46
79,404.83,405.63,2014-07-01T09:28:00+0530,405.63,404.14
80,404.07,404,2014-07-02T09:28:00+0530,404.25,403.87
81,402.99,402.74,2014-07-03T09:28:00+0530,403.1,402.54
82,402.89,402.27,2014-07-04T09:28:00+0530,402.94,402.27
83,412.23,412.37,2014-07-07T09:28:00+0530,412.4,412
84,416.57,416.63,2014-07-08T09:28:00+0530,416.98,416.26
85,420.26,420.16,2014-07-09T09:28:00+0530,420.27,420.01
86,414.4,414.34,2014-07-10T09:28:00+0530,414.57,414.33
87,422.36,422.49,2014-07-11T09:28:00+0530,422.5,422.13
88,401.3,401.8,2014-07-14T09:28:00+0530,401.82,401.25
89,404.96,404.65,2014-07-15T09:28:00+0530,405.07,404.52
90,404.99,404.49,2014-07-16T09:28:00+0530,405.23,403.75
91,410.22,411.22,2014-07-17T09:28:00+0530,411.5,410.04
92,408.35,408.11,2014-07-18T09:28:00+0530,408.38,407.95
93,408.28,408.62,2014-07-21T09:28:00+0530,408.63,408.25
94,401.95,401.69,2014-07-22T09:28:00+0530,401.97,401.64
95,411.02,411.12,2014-07-23T09:28:00+0530,411.25,410.88
96,416.41,416.27,2014-07-24T09:28:00+0530,416.57,416.17
97,421.02,420.85,2014-07-25T09:28:00+0530,421.05,420.53
98,421.94,422.5,2014-07-28T09:28:00+0530,422.5,421.88
99,422.54,422.61,2014-07-30T09:28:00+0530,422.75,422.47
100,421.37,421.15,2014-08-01T09:28:00+0530,421.53,421.11
101,421.52,421.61,2014-08-04T09:28:00+0530,421.67,421.25
102,435.38,435.38,2014-08-05T09:28:00+0530,435.5,435.07
103,447.82,447.5,2014-08-06T09:28:00+0530,447.82,447.21
104,440.29,440.47,2014-08-07T09:28:00+0530,441.24,439.91
105,437.81,437.7,2014-08-08T09:28:00+0530,437.81,437.5
106,439.49,439.55,2014-08-11T09:28:00+0530,439.63,439.31
107,444.75,445,2014-08-12T09:28:00+0530,445,444.42
108,444.77,445.09,2014-08-13T09:28:00+0530,445.52,444.77
109,451.07,451.38,2014-08-14T09:28:00+0530,452,451.07
110,447.38,447.49,2014-08-18T09:28:00+0530,447.57,447.25
111,447.49,447.52,2014-08-19T09:28:00+0530,447.67,447.47
112,445.84,445.84,2014-08-20T09:28:00+0530,446,445.84
113,444.11,443.96,2014-08-21T09:28:00+0530,444.17,443.94
114,448.57,448.5,2014-08-22T09:28:00+0530,448.73,448.4
115,446.74,446.94,2014-08-25T09:28:00+0530,446.94,446.63
116,453.5,453.37,2014-08-26T09:28:00+0530,453.5,453.1
117,452.67,452.64,2014-08-27T09:28:00+0530,452.67,452.64
118,453.14,453.04,2014-08-28T09:28:00+0530,453.38,453.04
119,451.01,450.69,2014-09-01T09:28:00+0530,451.01,450.52
120,446.13,446.95,2014-09-02T09:28:00+0530,447,446.13
121,457.13,457.37,2014-09-03T09:28:00+0530,457.38,457.13
122,464.12,463.98,2014-09-04T09:28:00+0530,464.2,463.79
123,470.75,470.62,2014-09-05T09:28:00+0530,471,470.44
124,468.89,468.92,2014-09-08T09:28:00+0530,469.02,468.88
125,467.95,468.01,2014-09-09T09:28:00+0530,468.19,467.95
126,460.64,461,2014-09-10T09:28:00+0530,461.1,460.52
127,460.94,461,2014-09-11T09:28:00+0530,461.21,460.88
128,463,463.13,2014-09-12T09:28:00+0530,463.13,463
129,454.74,454.78,2014-09-15T09:28:00+0530,455.07,454.65
130,455.92,455.75,2014-09-16T09:28:00+0530,455.92,455.53
131,460.4,460.34,2014-09-17T09:28:00+0530,460.5,460.14
132,460.25,459.88,2014-09-18T09:28:00+0530,460.38,459.76
133,463.13,462.63,2014-09-19T09:28:00+0530,463.14,462.63
134,456.37,456.14,2014-09-22T09:28:00+0530,456.37,455.92
135,459.5,459.52,2014-09-23T09:28:00+0530,459.63,459.45
136,453.94,454.22,2014-09-24T09:28:00+0530,454.35,453.94
137,460.28,460.08,2014-09-25T09:28:00+0530,460.38,460.07
138,461.57,461.46,2014-09-26T09:28:00+0530,461.63,461.34
139,462.55,462.93,2014-09-29T09:28:00+0530,463.09,462.52
140,465.97,465.86,2014-09-30T09:28:00+0530,466.04,465.67
141,470.23,470.37,2014-10-01T09:28:00+0530,470.44,470.17
142,480.24,480.13,2014-10-07T09:28:00+0530,480.38,479.88
143,473.11,472.95,2014-10-08T09:28:00+0530,473.18,472.93
144,461.69,461.04,2014-10-09T09:28:00+0530,461.69,461
145,477.52,477.69,2014-10-10T09:28:00+0530,478.22,476.78
146,492.06,491.51,2014-10-13T09:28:00+0530,492.1,491.28
147,488.13,487.82,2014-10-14T09:28:00+0530,488.13,487.5
148,489.03,489.25,2014-10-16T09:28:00+0530,489.57,488.88
149,487.12,486.38,2014-10-17T09:28:00+0530,487.16,485.85
150,479.85,480.04,2014-10-20T09:28:00+0530,480.55,479.83
151,478.75,478.05,2014-10-21T09:28:00+0530,478.75,477.6
152,473.88,474.37,2014-10-22T09:28:00+0530,474.47,473.74
153,475.2,475.57,2014-10-27T09:28:00+0530,475.69,475.2
154,473.94,473.98,2014-10-28T09:28:00+0530,474,473.84
155,477.5,477.44,2014-10-29T09:28:00+0530,477.9,477.44
156,489.68,489.79,2014-10-30T09:28:00+0530,489.91,489.63
157,511.29,512,2014-11-03T09:28:00+0530,512.13,511.29
158,518.95,519,2014-11-07T09:28:00+0530,519.1,518.92
159,521.48,521.11,2014-11-10T09:28:00+0530,521.63,520.82
160,518.89,518.87,2014-11-11T09:28:00+0530,518.97,518.77
161,517.09,517,2014-11-12T09:28:00+0530,517.25,516.81
162,515.57,515.33,2014-11-13T09:28:00+0530,515.88,515.04
163,522.25,522.44,2014-11-14T09:28:00+0530,522.49,522
164,519.73,520.37,2014-11-17T09:28:00+0530,520.63,519.73
165,525.07,525.02,2014-11-18T09:28:00+0530,525.18,524.76
166,520.63,520.13,2014-11-19T09:28:00+0530,520.64,520.04
167,523.25,523.63,2014-11-20T09:28:00+0530,524.02,523.25
168,519.64,519.31,2014-11-21T09:28:00+0530,519.74,519.31
169,524.35,524.55,2014-11-24T09:28:00+0530,524.63,524.15
170,538.77,538.62,2014-11-25T09:28:00+0530,538.99,538.5
171,538.14,537.67,2014-11-26T09:28:00+0530,538.33,537.67
172,540.1,541.25,2014-11-27T09:28:00+0530,541.35,540.1
173,546.92,547,2014-11-28T09:28:00+0530,547.38,546.88
174,1090.5,1090,2014-12-01T09:28:00+0530,1091.24,1090
175,1071.55,1069.5,2014-12-02T09:28:00+0530,1072,1069.5
176,1052.5,1052.33,2014-12-03T09:28:00+0530,1052.5,1052.05
177,1064.98,1064.9,2014-12-04T09:28:00+0530,1065,1064.6
178,1049.5,1051.05,2014-12-05T09:28:00+0530,1051.05,1049.35
179,1000.2,1001.25,2014-12-08T09:28:00+0530,1001.25,1000.13
180,988.1,988.23,2014-12-09T09:28:00+0530,988.5,987.58
181,990.03,991.78,2014-12-10T09:28:00+0530,991.78,990
182,973,972.98,2014-12-11T09:28:00+0530,973,972.18
183,977,976.95,2014-12-12T09:28:00+0530,977.48,976.93
184,964.9,964.73,2014-12-15T09:28:00+0530,965,964.5
185,970.88,972.6,2014-12-16T09:28:00+0530,972.6,970.88
186,971.53,972.25,2014-12-17T09:28:00+0530,972.45,969.58
187,981.3,982.13,2014-12-18T09:28:00+0530,982.18,981.28
188,999.13,998.88,2014-12-19T09:28:00+0530,999.48,998.58
189,994.25,994.08,2014-12-22T09:28:00+0530,994.93,993.78
190,1003.5,1004,2014-12-23T09:28:00+0530,1005,1003.5
191,984.55,986,2014-12-24T09:28:00+0530,986.55,984.55
192,976.05,975,2014-12-26T09:28:00+0530,976.5,975
193,981.78,982.18,2014-12-29T09:28:00+0530,982.23,981.78
194,983.58,983.73,2014-12-30T09:28:00+0530,984.23,983.55
195,981.4,981.38,2015-01-01T09:28:00+0530,981.68,981.15
196,981.6,981.38,2015-01-01T09:28:00+0530,981.68,981.15
197,991.78,992.5,2015-01-02T09:28:00+0530,992.5,991.78
198,992.35,992.5,2015-01-02T09:28:00+0530,992.5,991.78
199,1008.63,1008.9,2015-01-05T09:28:00+0530,1009.35,1008.63
200,1008.85,1008.9,2015-01-05T09:28:00+0530,1009.35,1008.7
201,980.08,980.95,2015-01-06T09:28:00+0530,981.23,980
202,980.33,980.95,2015-01-06T09:28:00+0530,981.23,980
203,982.2,984.48,2015-01-07T09:28:00+0530,984.5,981.93
204,982.2,984.48,2015-01-07T09:28:00+0530,984.5,981.93
205,989.7,990.38,2015-01-08T09:28:00+0530,991,989.33
206,993.25,992.63,2015-01-09T09:28:00+0530,993.73,992.5
207,1047.48,1046.75,2015-01-12T09:28:00+0530,1047.48,1046.5
208,1043,1044.15,2015-01-13T09:28:00+0530,1044.95,1042.5
209,1051.6,1051.48,2015-01-14T09:28:00+0530,1052.28,1051
210,1067.5,1067.75,2015-01-15T09:28:00+0530,1068.4,1067.05
211,1066.75,1067.5,2015-01-16T09:28:00+0530,1067.5,1066.35
212,1059.9,1060,2015-01-19T09:28:00+0530,1060,1059.78
213,1056.85,1056.5,2015-01-20T09:28:00+0530,1056.9,1056.15
214,1059.58,1062.63,2015-01-21T09:28:00+0530,1063.7,1059.58
215,1091,1091.25,2015-01-22T09:28:00+0530,1091.5,1090.25
216,1106.2,1105.9,2015-01-23T09:28:00+0530,1106.5,1105.43
217,1076.75,1078.7,2015-01-27T09:28:00+0530,1078.88,1076.68
218,1074,1074,2015-01-28T09:28:00+0530,1074,1073.5
219,1065.63,1069.48,2015-01-29T09:28:00+0530,1069.48,1065.63
220,1074.95,1074.7,2015-01-30T09:28:00+0530,1074.95,1073.63
221,1067.7,1065.95,2015-02-02T09:28:00+0530,1067.9,1065.28
222,1064.25,1063.88,2015-02-03T09:28:00+0530,1064.25,1063.4
223,1068.45,1069.2,2015-02-04T09:28:00+0530,1069.5,1068.45
224,1079.83,1079.05,2015-02-05T09:28:00+0530,1080.03,1078.8
225,1120.45,1120.43,2015-02-06T09:28:00+0530,1121,1119.68
226,1118.4,1120.5,2015-02-09T09:28:00+0530,1120.5,1118.4
227,1130.18,1131.35,2015-02-10T09:28:00+0530,1131.83,1130.08
228,1131.93,1132.28,2015-02-11T09:28:00+0530,1132.28,1131.83
229,1139.95,1139.93,2015-02-12T09:28:00+0530,1140.18,1139.13
230,1156,1155.98,2015-02-13T09:28:00+0530,1157.4,1155.98
231,1141.9,1141.5,2015-02-16T09:28:00+0530,1142,1141.38
232,1137,1136.55,2015-02-18T09:28:00+0530,1137.1,1136.55
233,1155.95,1156,2015-02-19T09:28:00+0530,1156.45,1155.2
234,1166.48,1166.9,2015-02-20T09:28:00+0530,1167.35,1165.98
235,1150.5,1149.6,2015-02-23T09:28:00+0530,1150.5,1149.6
236,1146.93,1147,2015-02-24T09:28:00+0530,1147,1146
237,1149.7,1149.08,2015-02-25T09:28:00+0530,1150,1149
238,1148.5,1146.48,2015-02-26T09:28:00+0530,1148.8,1146.03
239,1139.58,1140.3,2015-02-27T09:28:00+0530,1140.3,1139.58
240,1136.03,1136.25,2015-02-28T09:28:00+0530,1137.38,1136.03
241,1148.2,1150.15,2015-03-02T09:28:00+0530,1150.25,1148.08
242,1142.35,1141.8,2015-03-03T09:28:00+0530,1142.35,1141.73
243,1156.03,1154.4,2015-03-04T09:28:00+0530,1156.03,1152.93
244,1134.85,1134.63,2015-03-05T09:28:00+0530,1135.25,1134.08
245,1111.15,1110,2015-03-09T09:28:00+0530,1111.2,1110
246,1097.5,1100,2015-03-10T09:28:00+0530,1100,1097.5
247,1108.25,1108.38,2015-03-11T09:28:00+0530,1108.73,1108.05
248,1094,1093.75,2015-03-12T09:28:00+0530,1094.5,1093.4
249,1107.23,1107.23,2015-03-13T09:28:00+0530,1107.23,1107.23
250,1131.5,1131.23,2015-03-17T09:28:00+0530,1131.5,1131.18
251,1126,1125.5,2015-03-18T09:28:00+0530,1126.43,1124.4
252,1114.68,1114.63,2015-03-19T09:28:00+0530,1114.95,1114.35
253,1118.08,1117.58,2015-03-20T09:28:00+0530,1118.35,1117.48
254,1134.98,1136.05,2015-03-23T09:28:00+0530,1136.05,1134.38
255,1113.8,1113.3,2015-03-24T09:28:00+0530,1113.88,1113.3
256,1113,1112.98,2015-03-25T09:28:00+0530,1113.2,1112.68
257,1096.63,1097.25,2015-03-26T09:28:00+0530,1097.45,1096.63
258,1094.48,1093.78,2015-03-27T09:28:00+0530,1095.03,1093.6
259,1099.5,1099.85,2015-03-30T09:28:00+0530,1100.93,1099.05
260,1094.05,1094.95,2015-04-01T09:28:00+0530,1094.95,1094.05
261,1080.98,1084,2015-04-06T09:28:00+0530,1084.5,1080.98
262,1089.18,1089,2015-04-07T09:28:00+0530,1089.2,1088.95
263,1089.43,1089.75,2015-04-08T09:28:00+0530,1090,1089.43
264,1104.13,1104.38,2015-04-09T09:28:00+0530,1104.6,1104.08
265,1111.85,1112.2,2015-04-10T09:28:00+0530,1112.5,1111.13
266,1112.38,1111.43,2015-04-13T09:28:00+0530,1112.5,1110.88
267,1114.48,1114.03,2015-04-15T09:28:00+0530,1115,1114.03
268,1110.48,1109.83,2015-04-16T09:28:00+0530,1111.48,1109.83
269,1091.5,1092.75,2015-04-17T09:28:00+0530,1093.5,1091.5
270,1080.6,1080,2015-04-20T09:28:00+0530,1080.6,1080
271,1068.85,1068.5,2015-04-21T09:28:00+0530,1068.85,1067.63
272,1071.58,1070.98,2015-04-22T09:28:00+0530,1071.73,1070.5
273,1066.65,1066.5,2015-04-23T09:28:00+0530,1066.7,1066.45
274,1060.5,1062.73,2015-04-24T09:28:00+0530,1062.73,1059.38
275,985.48,988.2,2015-04-27T09:28:00+0530,988.25,985.2
276,987.83,987.48,2015-04-28T09:28:00+0530,988.3,987.3
277,976.5,975.5,2015-04-29T09:28:00+0530,976.5,975.5
278,970.25,970.2,2015-04-30T09:28:00+0530,970.43,970
279,981,981.5,2015-05-04T09:28:00+0530,981.9,980.98
280,992.63,992,2015-05-05T09:28:00+0530,993.48,991.65
281,984.85,984,2015-05-06T09:28:00+0530,985,983.65
282,957.5,958.33,2015-05-07T09:28:00+0530,958.33,957.18
283,978.8,977.6,2015-05-08T09:28:00+0530,979.2,977.5
284,978.6,977.65,2015-05-11T09:28:00+0530,979.1,976.15
285,987.53,987.88,2015-05-12T09:28:00+0530,988.45,987.5
286,980.45,980.48,2015-05-13T09:28:00+0530,980.83,980.05
287,962.78,964.28,2015-05-14T09:28:00+0530,964.5,962.78
288,975.23,974,2015-05-15T09:28:00+0530,975.5,973.5
289,986.98,987,2015-05-18T09:28:00+0530,987.25,986.4
290,1005.9,1005.25,2015-05-19T09:28:00+0530,1006.45,1005
291,1020.18,1019.55,2015-05-20T09:28:00+0530,1020.4,1019.55
292,1027.65,1026.83,2015-05-21T09:28:00+0530,1028.23,1026.75
293,1021.55,1022.8,2015-05-22T09:28:00+0530,1022.8,1021.53
294,1026.88,1026.75,2015-05-25T09:28:00+0530,1027,1026.25
295,1012.53,1012.7,2015-05-26T09:28:00+0530,1013.03,1012.5
296,991.23,990.55,2015-05-27T09:28:00+0530,991.23,990.45
297,993.45,994.23,2015-05-28T09:28:00+0530,994.5,993.28
298,1007.5,1006.7,2015-05-29T09:28:00+0530,1007.5,1006.08
299,1024.53,1024,2015-06-01T09:28:00+0530,1024.93,1023.05
300,1020.5,1012.73,2015-06-02T09:28:00+0530,1020.9,1009.93
301,1016.28,1016.58,2015-06-03T09:28:00+0530,1016.9,1016.28
302,1021.83,1022.5,2015-06-04T09:28:00+0530,1022.95,1021.48
303,1008.98,1008.55,2015-06-05T09:28:00+0530,1009.38,1008.48
304,1004.28,1004.13,2015-06-08T09:28:00+0530,1006.23,1003.05
305,995.35,995.45,2015-06-09T09:28:00+0530,996,994.5
306,1000.48,1002.4,2015-06-10T09:28:00+0530,1002.5,1000.03
307,1020.45,1020,2015-06-11T09:28:00+0530,1020.5,1019
308,2015.2,2016.45,2015-06-12T09:28:00+0530,2016.45,2015.1
309,975.2,974.6,2015-06-15T09:28:00+0530,975.2,973.15
310,990.5,989.5,2015-06-16T09:28:00+0530,990.5,989.15
311,1012.85,1012.25,2015-06-17T09:28:00+0530,1013.25,1011.1
312,1003.2,1004.5,2015-06-18T09:28:00+0530,1004.5,1003.2
313,1004.7,1004.9,2015-06-19T09:28:00+0530,1005.3,1004.55
314,999.25,1000.5,2015-06-22T09:28:00+0530,1000.65,999.05
315,1008.3,1008.05,2015-06-23T09:28:00+0530,1008.4,1008
316,1008.1,1008.1,2015-06-24T09:28:00+0530,1008.25,1008
317,998.4,998.5,2015-06-25T09:28:00+0530,998.9,997.65
318,1002.85,1004.5,2015-06-26T09:28:00+0530,1005,1002.8
319,994.65,994.5,2015-06-29T09:28:00+0530,995,994.35
320,989,988.85,2015-06-30T09:28:00+0530,989.45,988.8
321,988,987.95,2015-07-01T09:28:00+0530,988,987.3
322,988.95,988.7,2015-07-02T09:28:00+0530,989,988.1
323,988,988,2015-07-03T09:28:00+0530,988.45,987.9
324,982,981.95,2015-07-06T09:28:00+0530,982.15,981
325,987,986.05,2015-07-07T09:28:00+0530,987.25,986.05
326,972.25,970.7,2015-07-08T09:28:00+0530,972.35,970.5
327,955.2,953.75,2015-07-09T09:28:00+0530,955.2,953.35
328,945.55,945.25,2015-07-10T09:28:00+0530,945.55,945.25
329,943.5,943.2,2015-07-13T09:28:00+0530,943.5,943
330,949.8,950.25,2015-07-14T09:28:00+0530,950.85,949.8
331,973.85,973.7,2015-07-15T09:28:00+0530,973.9,973.5
332,989,989.3,2015-07-16T09:28:00+0530,989.4,988.6
333,995,995.3,2015-07-17T09:28:00+0530,995.3,994.5
334,991.5,991.6,2015-07-20T09:28:00+0530,992.35,991.15
335,1069.05,1072,2015-07-21T09:28:00+0530,1072.45,1067.8
336,1085.2,1087.75,2015-07-22T09:28:00+0530,1088.9,1085.2
337,1096.85,1099.35,2015-07-23T09:28:00+0530,1099.35,1096.8
338,1102.95,1101.7,2015-07-24T09:28:00+0530,1103.5,1101.5
339,1082.95,1082.5,2015-07-27T09:28:00+0530,1082.95,1082
340,1072.35,1071.55,2015-07-28T09:28:00+0530,1072.35,1071
341,1066,1065.45,2015-07-29T09:28:00+0530,1066.2,1065.35
342,1087.1,1087,2015-07-30T09:28:00+0530,1087.35,1087
343,1075.25,1075.7,2015-08-03T09:28:00+0530,1075.7,1074.95
344,1069.15,1067.9,2015-08-04T09:28:00+0530,1069.15,1067.5
345,1074.15,1073.25,2015-08-05T09:28:00+0530,1074.7,1073.15
346,1100.1,1099.4,2015-08-06T09:28:00+0530,1100.5,1099.1
347,1091.5,1090.7,2015-08-07T09:28:00+0530,1091.5,1090.3
348,1102,1103,2015-08-10T09:28:00+0530,1103,1101.9
349,1102.75,1101.85,2015-08-11T09:28:00+0530,1103,1101.1
350,1123.6,1124.1,2015-08-12T09:28:00+0530,1124.4,1121.7
351,1145.5,1145.3,2015-08-13T09:28:00+0530,1146.45,1144.75
352,1166.9,1166,2015-08-14T09:28:00+0530,1167.35,1165.9
353,1135,1134.25,2015-08-17T09:28:00+0530,1135,1134
354,1160,1160,2015-08-18T09:28:00+0530,1160.05,1159.5
355,1171.15,1170.1,2015-08-19T09:28:00+0530,1171.9,1170
356,1162.25,1163.25,2015-08-20T09:28:00+0530,1163.25,1161.85
357,1151.7,1144.15,2015-08-21T09:28:00+0530,1151.7,1144
358,1111.3,1112,2015-08-24T09:28:00+0530,1112,1108
359,1097.7,1099.05,2015-08-25T09:28:00+0530,1100.55,1097
360,1070.25,1071.1,2015-08-26T09:28:00+0530,1072.5,1070
361,1080.5,1081.45,2015-08-27T09:28:00+0530,1083,1080.5
362,1108.35,1108.85,2015-08-28T09:28:00+0530,1109.7,1107.3
363,1105.35,1106.5,2015-09-01T09:28:00+0530,1106.7,1104.8
364,1097.05,1096.45,2015-09-02T09:28:00+0530,1097.6,1095.5
365,1102.25,1103,2015-09-03T09:28:00+0530,1103,1102
366,1097.8,1097.05,2015-09-04T09:28:00+0530,1099.35,1096
367,1076.45,1074.35,2015-09-07T09:28:00+0530,1076.7,1074
368,1058.25,1058,2015-09-08T09:28:00+0530,1059.7,1056.95
369,1094.75,1094.15,2015-09-09T09:28:00+0530,1095.25,1094
370,1089.7,1088.5,2015-09-10T09:28:00+0530,1089.7,1087.65
371,1090,1091.65,2015-09-11T09:28:00+0530,1091.65,1090
372,1088.1,1087.95,2015-09-14T09:28:00+0530,1088.1,1086.5
373,1096.1,1098.25,2015-09-15T09:28:00+0530,1098.5,1096.1
374,1104.8,1104.95,2015-09-16T09:28:00+0530,1105,1104.5
375,1113.8,1113.55,2015-09-18T09:28:00+0530,1113.85,1112.7
376,1106.7,1106.1,2015-09-21T09:28:00+0530,1107.35,1106
377,1123.85,1124.4,2015-09-22T09:28:00+0530,1124.6,1123.4
378,1111.65,1112,2015-09-23T09:28:00+0530,1112.9,1111.05
379,1121.5,1120.1,2015-09-24T09:28:00+0530,1121.5,1120.1
380,1136.85,1135.8,2015-09-28T09:28:00+0530,1137,1135.15
381,1125.55,1124.5,2015-09-29T09:28:00+0530,1126.5,1124.5
382,1133.55,1132.25,2015-09-30T09:28:00+0530,1133.55,1131.55
383,1186.15,1186.6,2015-10-01T09:28:00+0530,1187,1186
384,1184.6,1187.05,2015-10-05T09:28:00+0530,1187.45,1184.6
385,1182.4,1181.45,2015-10-06T09:28:00+0530,1183.15,1181.45
386,1161.95,1162.25,2015-10-07T09:28:00+0530,1162.25,1161.65
387,1146,1146.9,2015-10-08T09:28:00+0530,1146.9,1145.6
388,1148.85,1151,2015-10-09T09:28:00+0530,1151,1148.85
389,1138.95,1131.6,2015-10-12T09:28:00+0530,1140.2,1131.6
390,1101.1,1101.85,2015-10-13T09:28:00+0530,1103.5,1100.65
391,1100.95,1102.15,2015-10-14T09:28:00+0530,1102.5,1100.65
392,1093.5,1092.75,2015-10-15T09:28:26+0530,1093.5,1092.5
393,1092.4,1093.4,2015-10-16T09:28:00+0530,1093.7,1092.05
394,1103.1,1102,2015-10-19T09:28:00+0530,1103.5,1100.5
395,1117.9,1118.4,2015-10-20T09:28:00+0530,1118.8,1117.45
396,1132.65,1130,2015-10-21T09:28:00+0530,1132.65,1130
397,1138,1137,2015-10-23T09:28:00+0530,1138.3,1137
398,1153.95,1153.7,2015-10-26T09:28:00+0530,1154.95,1153.25
399,1151,1150.1,2015-10-27T09:28:00+0530,1151.5,1150.1
400,1143.05,1140.9,2015-10-28T09:28:00+0530,1143.05,1140.9
401,1149.5,1148.05,2015-10-29T09:28:00+0530,1149.5,1148.05
402,1138.55,1138.7,2015-10-30T09:28:00+0530,1139.3,1138
403,1127.25,1127,2015-11-02T09:28:00+0530,1127.45,1126.95
404,1139,1139.8,2015-11-03T09:28:00+0530,1140,1138.85
405,1146,1147.5,2015-11-04T09:28:00+0530,1148.1,1145.55
406,1136.45,1136.55,2015-11-05T09:28:00+0530,1136.55,1136.05
407,1134.05,1134.95,2015-11-06T09:28:00+0530,1134.95,1134.05
408,1124.65,1124.3,2015-11-09T09:28:00+0530,1124.65,1123.5
409,1118.55,1118.95,2015-11-10T09:28:00+0530,1119.9,1118.3
410,1099.75,1098.3,2015-11-13T09:28:00+0530,1099.75,1098
411,1077,1076.7,2015-11-16T09:28:00+0530,1077.3,1075.8
412,1062,1064.6,2015-11-17T09:28:00+0530,1064.95,1060.85
413,1041.2,1041.7,2015-11-18T09:28:00+0530,1042,1041.1
414,1030.8,1031.75,2015-11-19T09:28:00+0530,1032.1,1030.2
415,1048.45,1048.55,2015-11-20T09:28:00+0530,1048.75,1048.05
416,1049.6,1047.15,2015-11-23T09:28:00+0530,1050,1047.15
417,1046,1046.05,2015-11-24T09:28:00+0530,1046.7,1045.9
418,1050.95,1050,2015-11-26T09:28:00+0530,1051,1049.95
419,1049.6,1050,2015-11-27T09:28:00+0530,1050,1048.8
420,1060.95,1063.5,2015-11-30T09:28:00+0530,1063.5,1060.95
421,1089,1088.4,2015-12-01T09:28:00+0530,1089,1088.05
422,1073,1072.2,2015-12-02T09:28:00+0530,1073,1071.55
423,1064.35,1063.7,2015-12-03T09:28:00+0530,1064.5,1063.45
424,1042.55,1042.4,2015-12-04T09:28:00+0530,1042.6,1042.35
425,1053.5,1053.5,2015-12-07T09:28:00+0530,1054,1053.25
426,1050.5,1050.15,2015-12-08T09:28:00+0530,1050.5,1049.7
427,1043.5,1043.75,2015-12-09T09:28:00+0530,1043.95,1043.05
428,1035.95,1035.5,2015-12-10T09:28:00+0530,1036.1,1035.5
429,1051.5,1051.65,2015-12-11T09:28:00+0530,1052,1051.15
430,1054.5,1054.85,2015-12-14T09:28:00+0530,1054.85,1054
431,1068.3,1067.05,2015-12-15T09:28:00+0530,1068.35,1067.05
432,1086.15,1087,2015-12-16T09:28:00+0530,1087,1086.15
433,1098.65,1098.65,2015-12-17T09:28:00+0530,1098.85,1098.3
434,1093.6,1092.5,2015-12-18T09:28:00+0530,1093.7,1092.4
435,1075.2,1075,2015-12-21T09:28:00+0530,1075.7,1075
436,1091,1091,2015-12-22T09:28:00+0530,1091.9,1091
437,1091.85,1091.85,2015-12-23T09:28:00+0530,1091.9,1091.2
438,1097.65,1097.1,2015-12-24T09:28:00+0530,1097.65,1097.1
439,1100.8,1101.45,2015-12-28T09:28:00+0530,1101.45,1100
440,1104.35,1104.35,2015-12-29T09:28:00+0530,1104.5,1104.1
441,1105.45,1106.25,2015-12-30T09:28:00+0530,1106.45,1105.4
442,1103.35,1103.6,2016-01-01T09:28:00+0530,1103.6,1102.35
443,1098.65,1097.2,2016-01-04T09:28:00+0530,1099.35,1097.2
444,1075.95,1075.45,2016-01-05T09:28:00+0530,1076,1075
445,1071.65,1070,2016-01-06T09:28:00+0530,1072,1070
446,1061.75,1060,2016-01-07T09:28:00+0530,1061.75,1060
447,1057.45,1057.45,2016-01-08T09:28:00+0530,1057.8,1056.6
448,1064.8,1066.4,2016-01-11T09:28:00+0530,1066.45,1064.8
449,1049.5,1047.3,2016-01-12T09:28:00+0530,1049.5,1047.3
450,1061.75,1061.8,2016-01-13T09:28:00+0530,1062.9,1060.6
451,1071.15,1097.7,2016-01-14T09:28:00+0530,1099.9,1066.55
452,1154.2,1153.95,2016-01-15T09:28:00+0530,1154.5,1153
453,1152.4,1154.85,2016-01-18T09:28:00+0530,1154.85,1152.4
454,1146.35,1145.85,2016-01-19T09:28:00+0530,1146.5,1145
455,1135.7,1136.3,2016-01-20T09:28:00+0530,1136.3,1135.2
456,1141.8,1141.05,2016-01-21T09:28:00+0530,1141.95,1140.5
457,1143,1142.5,2016-01-22T09:28:00+0530,1143,1142.5
458,1143.5,1143.4,2016-01-25T09:28:00+0530,1144,1142.8
459,1143.95,1142.5,2016-01-27T09:28:00+0530,1143.95,1142.25
460,1139.5,1140.6,2016-01-28T09:28:00+0530,1141,1139.5
461,1140.55,1141.8,2016-01-29T09:28:00+0530,1142.15,1140.55
462,1168.95,1168.15,2016-02-01T09:28:00+0530,1170,1166.3
463,1187.95,1185,2016-02-02T09:28:00+0530,1188.9,1184.5
464,1166.8,1167.1,2016-02-03T09:28:00+0530,1167.4,1166.75
465,1170.75,1170.05,2016-02-04T09:28:00+0530,1170.95,1169.9
466,1175.5,1176.5,2016-02-05T09:28:00+0530,1176.55,1175.5
467,1161.95,1163.05,2016-02-08T09:28:00+0530,1163.6,1161.7
468,1110.5,1110,2016-02-09T09:28:00+0530,1111.3,1110
469,1112.4,1111.35,2016-02-10T09:28:00+0530,1112.5,1110.2
470,1110.85,1110.4,2016-02-11T09:28:00+0530,1111,1109.6
471,1097.4,1094.55,2016-02-12T09:28:00+0530,1097.4,1093.7
472,1093.55,1092,2016-02-15T09:28:00+0530,1093.55,1092
473,1090.75,1089.5,2016-02-16T09:28:00+0530,1091.9,1089.1
474,1091.85,1092.1,2016-02-17T09:28:00+0530,1092.4,1091.45
475,1109.4,1109.75,2016-02-18T09:28:00+0530,1109.75,1109.35
476,1121.05,1121.95,2016-02-19T09:28:00+0530,1122,1120
477,1130.3,1131.45,2016-02-22T09:28:00+0530,1131.8,1130.3
478,1121.6,1121.35,2016-02-23T09:28:00+0530,1122,1121.25
479,1128.65,1128.1,2016-02-24T09:28:00+0530,1129.05,1128
480,1129.3,1130,2016-02-25T09:28:00+0530,1130.55,1128.95
481,1122.1,1122,2016-02-26T09:28:00+0530,1122.5,1121.55
482,1110.4,1109.65,2016-03-01T09:28:00+0530,1110.65,1107.5
483,1134.55,1133.7,2016-03-02T09:28:00+0530,1134.7,1132.55
484,1180.1,1179.1,2016-03-03T09:28:00+0530,1181,1179.1
485,1179.4,1179.7,2016-03-04T09:28:00+0530,1180.35,1179.4
486,1165.6,1163.4,2016-03-08T09:28:00+0530,1165.6,1163.4
487,1157.3,1156.65,2016-03-09T09:28:00+0530,1158.5,1155.9
488,1152.55,1152,2016-03-10T09:28:00+0530,1153.45,1151.7
489,1148,1148.5,2016-03-11T09:28:00+0530,1148.7,1147.3
490,1151.8,1152.3,2016-03-14T09:28:00+0530,1153,1151.65
491,1148.85,1147,2016-03-15T09:28:00+0530,1148.9,1146.5
492,1135.35,1136.5,2016-03-16T09:28:00+0530,1136.9,1135.1
493,1155.25,1155.05,2016-03-17T09:28:00+0530,1155.6,1155
494,1168.5,1169,2016-03-18T09:28:00+0530,1169.05,1168.5
495,1190.9,1194.85,2016-03-21T09:28:00+0530,1194.85,1190.9
496,1180,1180.3,2016-03-22T09:28:00+0530,1180.9,1179.95
497,1189.65,1191.8,2016-03-23T09:28:00+0530,1191.8,1189.65
498,1227.5,1226.35,2016-03-28T09:28:00+0530,1227.5,1226
499,1198.65,1198.45,2016-03-29T09:28:00+0530,1198.65,1198.45
500,1205.8,1204.85,2016-03-30T09:28:00+0530,1205.9,1204.6
501,1218.8,1218.65,2016-04-01T09:28:00+0530,1218.9,1217.9
502,1225.35,1225.15,2016-04-04T09:28:00+0530,1225.65,1224.7
503,1230.45,1232.2,2016-04-05T09:28:00+0530,1232.45,1230.45
504,1216.65,1216.35,2016-04-06T09:28:00+0530,1216.75,1216.15
505,1199.4,1199.05,2016-04-07T09:28:00+0530,1199.7,1199
506,1166.35,1162.2,2016-04-08T09:28:00+0530,1166.35,1162.2
507,1156.1,1157.25,2016-04-11T09:28:00+0530,1157.25,1156.05
508,1187.3,1187.4,2016-04-12T09:28:00+0530,1187.5,1187
509,1190.45,1190.55,2016-04-13T09:28:00+0530,1190.85,1190.1
510,1246,1245.15,2016-04-18T09:28:00+0530,1247,1245.15
511,1233.45,1234.25,2016-04-20T09:28:00+0530,1234.45,1233.15
512,1237.7,1237.8,2016-04-21T09:28:00+0530,1238.8,1237.1
513,1217.6,1217,2016-04-22T09:28:00+0530,1217.8,1216.05
514,1218.25,1219,2016-04-25T09:28:00+0530,1219.15,1218.25
515,1215.7,1216,2016-04-26T09:28:00+0530,1216,1215.45
516,1237.6,1239.6,2016-04-27T09:28:00+0530,1239.6,1237.6
517,1232.55,1233.2,2016-04-28T09:28:00+0530,1233.45,1232.55
518,1212.9,1212.35,2016-04-29T09:28:00+0530,1212.9,1212
519,1200.5,1198.65,2016-05-02T09:28:00+0530,1200.5,1198.05
520,1207.25,1208.1,2016-05-03T09:28:00+0530,1208.1,1207.05
521,1181.5,1181.1,2016-05-04T09:28:00+0530,1181.65,1181.05
522,1189.1,1188.8,2016-05-05T09:28:00+0530,1189.9,1188
523,1183.25,1183.5,2016-05-06T09:28:00+0530,1183.85,1183
524,1181.5,1183.2,2016-05-09T09:28:00+0530,1183.7,1180.6
525,1205.7,1206.2,2016-05-10T09:28:00+0530,1206.55,1205.7
526,1210.45,1210.1,2016-05-11T09:28:00+0530,1210.8,1210
527,1204.5,1203.75,2016-05-12T09:28:00+0530,1204.55,1203.05
528,1203.8,1203.55,2016-05-13T09:28:00+0530,1203.95,1202.2
529,1210.55,1210.25,2016-05-16T09:28:00+0530,1210.55,1210
530,1223.7,1222.8,2016-05-17T09:28:00+0530,1224.35,1222.5
531,1200.2,1200.5,2016-05-18T09:28:00+0530,1200.95,1200
532,1205.75,1205.5,2016-05-19T09:28:00+0530,1205.95,1205
533,1214.4,1214.3,2016-05-20T09:28:00+0530,1214.4,1213.45
534,1196,1196.1,2016-05-23T09:28:00+0530,1196.4,1195.5
535,1182.25,1182.5,2016-05-24T09:28:00+0530,1182.6,1181.5
536,1208,1207.65,2016-05-25T09:28:00+0530,1208.35,1207.25
537,1218.45,1217.9,2016-05-26T09:28:00+0530,1218.5,1217.4
538,1241.05,1240.95,2016-05-27T09:28:00+0530,1241.3,1240.9
539,1257.4,1257.1,2016-05-30T09:28:00+0530,1258.9,1256.55
540,1249.4,1248.75,2016-06-01T09:28:00+0530,1249.4,1248
541,1271.75,1271.75,2016-06-02T09:28:00+0530,1272.35,1271.05
542,1270.9,1270.8,2016-06-03T09:28:00+0530,1271,1270.6
543,1269.65,1269.6,2016-06-06T09:28:00+0530,1269.75,1269.5
544,1266.95,1267,2016-06-07T09:28:00+0530,1267.05,1266.85
545,1254.05,1254.75,2016-06-08T09:28:00+0530,1254.9,1253.75
546,1203.45,1202.8,2016-06-09T09:28:00+0530,1203.5,1202.75
547,1172.8,1173.25,2016-06-10T09:28:00+0530,1173.75,1172.8
548,1176.6,1178.7,2016-06-13T09:28:00+0530,1178.75,1176.55
549,1179.15,1179,2016-06-14T09:28:00+0530,1179.35,1178.55
550,1180,1180.65,2016-06-15T09:28:00+0530,1181,1180
551,1179.25,1179.4,2016-06-16T09:28:00+0530,1179.55,1178.7
552,1185.4,1185.15,2016-06-17T09:28:00+0530,1185.6,1185.05
553,1187.4,1187.95,2016-06-20T09:28:00+0530,1187.95,1187.25
554,1202.55,1203.25,2016-06-21T09:28:00+0530,1203.25,1202.55
555,1203.2,1204.75,2016-06-22T09:28:00+0530,1205.95,1203.2
556,1199.65,1199.5,2016-06-23T09:28:00+0530,1199.8,1199.5
557,1184.2,1184.5,2016-06-24T09:28:00+0530,1185.45,1184.1
558,1175.55,1176.75,2016-06-27T09:28:00+0530,1177.05,1175.55
559,1162.2,1163,2016-06-28T09:28:00+0530,1163,1161.6
560,1165.05,1165,2016-06-29T09:28:00+0530,1165.45,1164.75
561,1181.15,1181.6,2016-06-30T09:28:00+0530,1181.6,1180.2
562,1175.05,1174.85,2016-07-01T09:28:00+0530,1175.5,1174.85
563,1184.2,1183.65,2016-07-04T09:28:00+0530,1184.75,1183.55
564,1178.25,1177.55,2016-07-05T09:28:00+0530,1178.25,1177.4
565,1164.55,1165.1,2016-07-07T09:28:00+0530,1165.3,1164.5
566,1163.75,1163.8,2016-07-08T09:28:00+0530,1163.9,1163.75
567,1169.2,1169.95,2016-07-11T09:28:00+0530,1170,1169.2
568,1170.15,1170.05,2016-07-12T09:28:00+0530,1170.4,1169.95
569,1177.6,1177.65,2016-07-13T09:28:00+0530,1177.75,1177.6
570,1190,1188.7,2016-07-14T09:28:00+0530,1190,1188.4
571,1184.6,1183.05,2016-07-15T09:28:00+0530,1185,1183
572,1064.3,1061.65,2016-07-18T09:28:00+0530,1065,1060
573,1083.8,1083.8,2016-07-19T09:28:00+0530,1084.2,1083.3
574,1080.95,1080.85,2016-07-20T09:28:00+0530,1081,1080.5
575,1081.75,1081.65,2016-07-21T09:28:00+0530,1081.75,1081.6
576,1069.7,1070.4,2016-07-22T09:28:00+0530,1070.5,1069.05
577,1070,1068.5,2016-07-25T09:28:00+0530,1070,1068.5
578,1079,1080.55,2016-07-26T09:28:00+0530,1080.85,1079
579,1093.85,1093.3,2016-07-27T09:28:00+0530,1093.95,1093.25
580,1081.5,1081.7,2016-07-28T09:28:00+0530,1081.75,1081.2
581,1074.5,1074.15,2016-07-29T09:28:00+0530,1074.5,1074
582,1071.45,1071.1,2016-08-01T09:28:00+0530,1071.45,1071
583,1079.35,1079.3,2016-08-02T09:28:00+0530,1079.35,1079.05
584,1076.75,1075.75,2016-08-03T09:28:00+0530,1076.75,1075.75
585,1076.05,1076.45,2016-08-04T09:28:00+0530,1076.95,1075.15
586,1071.7,1071.7,2016-08-05T09:28:00+0530,1072.35,1071.5
587,1071.4,1071.8,2016-08-08T09:28:00+0530,1072.45,1070.95
588,1075,1074.5,2016-08-09T09:28:00+0530,1075,1074.5
589,1079.8,1079.2,2016-08-10T09:28:00+0530,1080.3,1079.2
590,1084.5,1084.55,2016-08-11T09:28:00+0530,1084.85,1084.1
591,1075.5,1075.6,2016-08-12T09:28:00+0530,1075.95,1075.5
592,1039.45,1039.7,2016-08-16T09:28:00+0530,1039.9,1039.1
593,1038.65,1039.9,2016-08-17T09:28:00+0530,1040.1,1038.25
594,1036.25,1034.2,2016-08-18T09:28:00+0530,1036.25,1034.2
595,1036.35,1037,2016-08-19T09:28:00+0530,1038,1036.35
596,1017.3,1017.8,2016-08-22T09:28:00+0530,1018,1017.15
597,1029,1029.1,2016-08-23T09:28:00+0530,1029.55,1028.9
598,1053.35,1054.4,2016-08-24T09:28:00+0530,1054.6,1053.35
599,1053.15,1052.7,2016-08-25T09:28:00+0530,1053.3,1052.7
600,1043.15,1042.85,2016-08-26T09:28:00+0530,1043.7,1042.5
601,1014.05,1013.8,2016-08-29T09:28:00+0530,1014.75,1013.8
602,1027.8,1027.45,2016-08-30T09:28:00+0530,1027.9,1027.05
603,1035.25,1035.25,2016-09-01T09:28:00+0530,1035.3,1035
604,1035.5,1035.7,2016-09-02T09:28:00+0530,1036,1034.75
605,1043.25,1043.9,2016-09-06T09:28:00+0530,1044,1043.25
606,1045.9,1046.4,2016-09-07T09:28:00+0530,1046.95,1045.6
607,1030.25,1028.9,2016-09-08T09:28:00+0530,1030.25,1028.9
608,1033,1033.65,2016-09-09T09:28:00+0530,1034.3,1033
609,1044.35,1044.55,2016-09-12T09:28:00+0530,1045.15,1044.1
610,1050.75,1052.2,2016-09-14T09:28:00+0530,1052.45,1050.65
611,1037.15,1037.7,2016-09-15T09:28:00+0530,1037.7,1036.6
612,1044.15,1043.65,2016-09-16T09:28:00+0530,1045.2,1043.65
613,1050.9,1051.05,2016-09-19T09:28:00+0530,1051.35,1049.75
614,1054.5,1054,2016-09-20T09:28:00+0530,1054.5,1053.5
615,1055.3,1055.3,2016-09-21T09:28:00+0530,1055.45,1055
616,1057.4,1057.1,2016-09-22T09:28:00+0530,1058,1057
617,1051.85,1051.95,2016-09-23T09:28:00+0530,1052,1051.7
618,1031.9,1031.1,2016-09-26T09:28:00+0530,1031.95,1031.1
619,1041.65,1041.65,2016-09-27T09:28:00+0530,1041.95,1041.05
620,1037.85,1036.4,2016-09-28T09:28:00+0530,1038,1036.35
621,1039.1,1039.75,2016-09-29T09:28:00+0530,1040,1039.1
622,1039.85,1039.55,2016-09-30T09:28:00+0530,1040,1039.15
623,1028.4,1028.5,2016-10-03T09:28:00+0530,1029,1028.05
624,1043.45,1042.15,2016-10-04T09:28:00+0530,1043.9,1041.55
625,1044.5,1044.55,2016-10-05T09:28:00+0530,1044.65,1044.35
626,1034.2,1034.3,2016-10-06T09:28:00+0530,1035,1034.2
627,1024.85,1025,2016-10-07T09:28:00+0530,1025,1024.45
628,1011,1011,2016-10-10T09:28:00+0530,1011.3,1010.5
629,1036.75,1036.95,2016-10-13T09:28:00+0530,1037,1035.8
630,1046.5,1047.9,2016-10-14T09:28:00+0530,1048.85,1046.5
631,1037.4,1037.55,2016-10-17T09:28:00+0530,1038,1037.4
632,1030.3,1031.1,2016-10-18T09:28:00+0530,1031.3,1030.3
633,1040.05,1040.65,2016-10-19T09:28:00+0530,1040.65,1039.35
634,1049.1,1048.5,2016-10-20T09:28:00+0530,1049.35,1048.5
635,1035.1,1034.9,2016-10-21T09:28:00+0530,1035.1,1034.9
636,1038.55,1037.5,2016-10-24T09:28:00+0530,1038.75,1037.5
637,1031.85,1031.7,2016-10-25T09:28:00+0530,1031.85,1031.4
638,1013.9,1013.75,2016-10-26T09:28:00+0530,1013.9,1013.05
639,1009.05,1011.4,2016-10-27T09:28:00+0530,1011.45,1009.05
640,996.3,995.95,2016-10-28T09:28:00+0530,996.45,995
641,993.5,994,2016-11-01T09:28:00+0530,994.45,993.5
642,986,986.5,2016-11-02T09:28:00+0530,986.9,985.8
643,975.55,976,2016-11-03T09:28:00+0530,976.55,975.35
644,965.95,965.8,2016-11-04T09:28:00+0530,965.95,965.8
645,983,982.85,2016-11-07T09:28:00+0530,983.55,982.3
646,985.9,985.55,2016-11-08T09:28:00+0530,986,985.55
647,942,940.1,2016-11-09T09:28:00+0530,943,940.1
648,946.4,948,2016-11-10T09:28:00+0530,948,946.3
649,934.45,933.25,2016-11-11T09:28:00+0530,934.45,933
650,914.6,913.6,2016-11-15T09:28:00+0530,914.7,913.4
651,930.25,930.65,2016-11-16T09:28:00+0530,931.05,930
652,941,941.5,2016-11-17T09:28:00+0530,941.95,940.95
653,928.6,927.6,2016-11-18T09:28:00+0530,929.1,927.6
654,917.15,918.65,2016-11-21T09:28:00+0530,918.8,917.15
655,926.05,925.6,2016-11-22T09:28:00+0530,926.05,924.8
656,917.75,917.55,2016-11-23T09:28:00+0530,917.8,917.3
657,925.15,925.6,2016-11-24T09:28:00+0530,926,925.1
658,942.55,943.8,2016-11-25T09:28:00+0530,943.8,942.55
659,981.5,981.8,2016-11-28T09:28:00+0530,982.15,981.15
660,970.8,970.7,2016-11-29T09:28:00+0530,970.85,969.95
661,969.4,970,2016-11-30T09:28:00+0530,970,969.05
662,973.35,972.7,2016-12-01T09:28:00+0530,973.65,972.6
663,965.7,966.95,2016-12-02T09:28:00+0530,967,965.7
664,960.25,960.5,2016-12-05T09:28:00+0530,960.5,959.05
665,967.9,967.3,2016-12-06T09:28:00+0530,967.95,967.25
666,967.7,968.1,2016-12-07T09:28:00+0530,968.35,967.7
667,981.9,981.65,2016-12-08T09:28:00+0530,981.9,980.2
668,1002.85,1004.2,2016-12-09T09:28:00+0530,1004.2,1002.45
669,966.4,966.55,2016-12-12T09:28:00+0530,966.7,966.1
670,977.1,977.9,2016-12-13T09:28:00+0530,978.35,977.05
671,991,990.35,2016-12-14T09:28:00+0530,991.4,990.2
672,1009.4,1009.55,2016-12-15T09:28:00+0530,1010.3,1008.4
673,1003.5,1003.15,2016-12-16T09:28:00+0530,1003.5,1002.5
674,1002.2,1002.3,2016-12-19T09:28:00+0530,1002.75,1002.2
675,1006.45,1006.15,2016-12-20T09:28:00+0530,1006.45,1006
676,1014.8,1015.25,2016-12-21T09:28:00+0530,1015.5,1014.8
677,1002.4,1002.7,2016-12-22T09:28:00+0530,1003.15,1002.35
678,992.9,991.65,2016-12-23T09:28:00+0530,993.5,991.65
679,987.9,986.5,2016-12-26T09:28:00+0530,987.9,985.25
680,988.25,990.6,2016-12-27T09:28:00+0530,990.6,987.6
681,1004.85,1004.5,2016-12-28T09:28:00+0530,1004.95,1004.05
682,1002.8,1004,2016-12-29T09:28:00+0530,1004.15,1002.5
683,996.05,997.25,2016-12-30T09:28:00+0530,997.5,996.05
684,1006.3,1006.2,2017-01-02T09:28:00+0530,1006.7,1006
685,985.9,988.05,2017-01-03T09:28:00+0530,988.4,985.9
686,1000.6,998.45,2017-01-04T09:28:00+0530,1000.7,998.25
687,1005.15,1005.8,2017-01-05T09:28:00+0530,1005.95,1005.15
688,987.1,985.35,2017-01-06T09:28:00+0530,987.1,984.6
689,970.1,971.65,2017-01-09T09:28:00+0530,972.1,970.1
690,979.25,979,2017-01-10T09:28:00+0530,979.8,978.5
691,973.75,973.65,2017-01-11T09:28:00+0530,974.4,973.6
692,989.5,989.35,2017-01-12T09:28:00+0530,990,989.2
693,1016.4,1018.5,2017-01-13T09:28:00+0530,1019.05,1015.9
694,958.2,959.9,2017-01-16T09:28:00+0530,959.9,958.2
695,959.15,959.4,2017-01-17T09:28:00+0530,959.65,958.85
696,957.25,957.85,2017-01-18T09:28:00+0530,957.9,957.05
697,954,953.6,2017-01-19T09:28:00+0530,954.25,953.2
698,949.6,949.15,2017-01-20T09:28:00+0530,949.6,949.05
699,942.2,942,2017-01-23T09:28:00+0530,942.25,941.9
700,944.7,945.7,2017-01-24T09:28:00+0530,945.7,944
701,941.15,941.1,2017-01-25T09:28:00+0530,941.45,941.1
702,932.1,931,2017-01-27T09:28:00+0530,932.2,930.95
703,931.95,932.2,2017-01-30T09:28:00+0530,932.45,931.35
704,913.5,912.45,2017-02-01T09:28:00+0530,913.9,911.5
705,913.4,913.65,2017-02-02T09:28:00+0530,913.9,912.9
706,928.5,927.95,2017-02-03T09:28:00+0530,929,927.4
707,939.5,939.25,2017-02-06T09:28:00+0530,939.55,939
708,931.8,930.5,2017-02-07T09:28:00+0530,931.8,930
709,936.65,936.8,2017-02-08T09:28:00+0530,937.5,936.65
710,940,939.2,2017-02-09T09:28:00+0530,940,939.2
711,948.8,949.45,2017-02-10T09:28:00+0530,949.5,948.8
712,970.4,969.65,2017-02-13T09:28:00+0530,970.95,969.25
713,977,977.25,2017-02-14T09:28:00+0530,977.45,977
714,992.9,992.9,2017-02-15T09:28:00+0530,992.9,992
715,998.85,998.55,2017-02-16T09:28:00+0530,998.95,998.2
716,1000,1000,2017-02-17T09:28:00+0530,1000.25,999.6
717,999.55,999.45,2017-02-20T09:28:00+0530,999.95,999.15
718,1019.75,1019.95,2017-02-21T09:28:00+0530,1019.95,1019.2
719,1004.9,1005.1,2017-02-22T09:28:00+0530,1005.1,1004.8
720,1002,1002.9,2017-02-23T09:28:00+0530,1003.35,1001.75
721,1014.5,1015,2017-02-27T09:28:00+0530,1015,1014.05
722,1012.85,1012.4,2017-02-28T09:28:00+0530,1012.85,1012.35
723,1016.8,1017.45,2017-03-01T09:28:00+0530,1018,1016.55
724,1023.5,1023.7,2017-03-02T09:28:00+0530,1023.95,1023.15
725,1007.5,1007,2017-03-03T09:28:00+0530,1007.75,1006
726,1021.1,1021.1,2017-03-06T09:28:00+0530,1021.8,1021
727,1019.4,1019.5,2017-03-07T09:28:00+0530,1019.5,1019.4
728,1011.9,1011.8,2017-03-08T09:28:00+0530,1012,1011.05
729,1002.95,1002.3,2017-03-09T09:28:00+0530,1003.05,1002.2
730,1016,1016.4,2017-03-10T09:28:00+0530,1016.45,1015.9
731,1035.6,1035.6,2017-03-14T09:28:00+0530,1036,1034.6
732,1031,1031.1,2017-03-15T09:28:00+0530,1031.45,1030.9
733,1021.45,1021.35,2017-03-16T09:28:00+0530,1021.5,1021
734,1023.45,1024.1,2017-03-17T09:28:00+0530,1024.4,1023.15
735,1021.65,1023,2017-03-20T09:28:00+0530,1023.05,1021.65
736,1019.05,1020,2017-03-21T09:28:00+0530,1020.25,1018.8
737,1038.85,1039.45,2017-03-22T09:28:00+0530,1039.5,1038.75
738,1030.5,1030.6,2017-03-23T09:28:00+0530,1030.7,1030
739,1034.8,1034,2017-03-24T09:28:00+0530,1034.85,1033.4
740,1025.65,1026,2017-03-27T09:28:00+0530,1026,1025.5
741,1037.1,1035.6,2017-03-28T09:28:00+0530,1037.1,1035.6
742,1034.25,1033.95,2017-03-29T09:28:00+0530,1034.25,1033.7
743,1034.95,1035,2017-03-30T09:28:00+0530,1035,1034.9
744,1023.1,1022.5,2017-04-03T09:28:00+0530,1023.6,1022.5
745,1003.85,1003.95,2017-04-05T09:28:00+0530,1003.95,1003.5
746,1002,1001.5,2017-04-06T09:28:00+0530,1002,1000.9
747,996.15,996.7,2017-04-07T09:28:00+0530,996.75,995.6
748,983,983.2,2017-04-10T09:28:00+0530,984.05,983
749,967.1,966.35,2017-04-11T09:28:00+0530,967.25,966.15
750,970,970.6,2017-04-12T09:28:00+0530,970.6,970
751,949.75,946.15,2017-04-13T09:28:00+0530,949.75,946.15
752,925.65,926.25,2017-04-17T09:28:00+0530,926.5,925.55
753,929.3,929,2017-04-18T09:28:00+0530,929.5,928.7
754,922.7,922.75,2017-04-19T09:28:00+0530,923,922.1
755,922.9,922.95,2017-04-20T09:28:00+0530,923.2,922.3
756,929.4,929.75,2017-04-21T09:28:00+0530,930,929.25
757,917,916.95,2017-04-24T09:28:00+0530,917.8,916.9
758,928.3,928.5,2017-04-25T09:28:00+0530,929,928.3
759,930.45,928.8,2017-04-26T09:28:00+0530,930.9,928.8
760,922,922.15,2017-04-27T09:28:00+0530,922.25,921.8
761,923.4,923.8,2017-04-28T09:28:00+0530,924.7,923.1
762,924.1,923.65,2017-05-02T09:28:00+0530,924.1,923.65
763,920.6,920.1,2017-05-03T09:28:00+0530,920.75,920.05
764,937.65,936.8,2017-05-04T09:28:00+0530,937.95,936.8
765,931.75,932.45,2017-05-05T09:28:00+0530,932.5,931.75
766,935.5,935.35,2017-05-08T09:28:00+0530,935.5,934.85
767,949.2,949.75,2017-05-09T09:28:00+0530,950,949.2
768,949.5,948.55,2017-05-10T09:28:00+0530,949.7,948.5
769,941.9,941.75,2017-05-11T09:28:00+0530,942.45,941.55
770,959.35,959.6,2017-05-12T09:28:00+0530,959.95,959.2
771,956.9,957.05,2017-05-15T09:28:00+0530,957.25,956.45
772,955.4,954.15,2017-05-16T09:28:00+0530,955.4,954.1
773,954.6,954.1,2017-05-17T09:28:00+0530,954.6,953.75
774,949.8,950.2,2017-05-18T09:28:00+0530,950.2,949.8
775,951.85,952.7,2017-05-19T09:28:00+0530,953.2,951.85
776,961.25,961.15,2017-05-22T09:28:00+0530,961.5,960.65
777,965,964.2,2017-05-23T09:28:00+0530,965,963.9
778,958.4,959,2017-05-24T09:28:00+0530,959.15,958.4
779,963.8,963.25,2017-05-25T09:28:00+0530,963.85,963.25
780,984.7,987.9,2017-05-26T09:28:00+0530,988,984.7
781,987.85,991.7,2017-05-29T09:28:00+0530,991.7,987.8
782,983.65,982.6,2017-05-30T09:28:00+0530,983.85,982
783,961.6,961.7,2017-06-01T09:28:00+0530,961.7,961.25
784,973,972.45,2017-06-02T09:28:00+0530,973,972.25
785,965.7,965.9,2017-06-05T09:28:00+0530,965.9,965.55
786,976,975.45,2017-06-06T09:28:00+0530,976,975.05
787,983.95,983.95,2017-06-07T09:28:00+0530,984,983.45
788,955.75,956.25,2017-06-08T09:28:00+0530,956.5,955.65
789,935.8,936.25,2017-06-09T09:28:00+0530,936.5,935
790,942.4,942.1,2017-06-12T09:28:00+0530,942.6,942
791,957.8,957.4,2017-06-13T09:28:00+0530,958.3,957.2
792,959.65,960.35,2017-06-14T09:28:00+0530,960.6,959.65
793,955.05,954.7,2017-06-15T09:28:00+0530,955.45,954.35
794,945.7,946.2,2017-06-16T09:28:00+0530,947,945.2
795,936.05,936.45,2017-06-19T09:28:00+0530,936.5,935.85
796,940.1,940.7,2017-06-20T09:28:00+0530,940.7,940.1
797,940.2,940.75,2017-06-21T09:28:00+0530,941,940.15
798,948.55,949.35,2017-06-22T09:28:00+0530,949.6,948.55
799,943,943.2,2017-06-23T09:28:00+0530,943.4,942.9
800,935.8,937.5,2017-06-27T09:28:00+0530,937.6,935.35
801,929.8,929.8,2017-06-28T09:28:00+0530,930.1,929.6
802,933.75,934.05,2017-06-29T09:28:00+0530,934.5,933.15
803,933.9,934.05,2017-06-30T09:28:00+0530,934.15,933.6
804,937.25,937.85,2017-07-03T09:28:00+0530,938.05,937.25
805,953.7,953.55,2017-07-04T09:28:00+0530,953.85,952.35
806,953.75,953.7,2017-07-05T09:28:00+0530,953.9,953.6
807,947,947.15,2017-07-06T09:28:00+0530,947.55,947
808,943.55,943.95,2017-07-07T09:28:00+0530,943.95,943.55
809,973.1,974.4,2017-07-11T09:28:00+0530,974.8,973.1
810,974.35,974.35,2017-07-12T09:28:00+0530,974.35,972.55
811,981,981.1,2017-07-13T09:28:00+0530,981.95,981
812,991.3,990.7,2017-07-14T09:28:00+0530,991.95,990
813,983.15,984.55,2017-07-17T09:28:00+0530,984.95,983.15
814,998.45,997.8,2017-07-18T09:28:00+0530,998.45,997.45
815,981.35,982.5,2017-07-19T09:28:00+0530,982.5,981.35
816,975,972.6,2017-07-20T09:28:00+0530,975,972.6
817,977.9,977.9,2017-07-21T09:28:00+0530,977.95,977.1
818,986.3,985.9,2017-07-24T09:28:00+0530,986.65,985.6
819,986.25,987.15,2017-07-25T09:28:00+0530,987.35,986.2
820,996.35,996.05,2017-07-26T09:28:00+0530,996.8,996.05
821,1000.95,1003,2017-07-27T09:28:00+0530,1003.4,1000.8
822,966.9,965.1,2017-07-28T09:28:00+0530,967,964.6
823,1012.2,1012.05,2017-08-01T09:28:00+0530,1012.8,1011.55
824,1009.45,1009.35,2017-08-02T09:28:00+0530,1009.5,1009
825,991.1,991,2017-08-03T09:28:00+0530,991.9,991
826,987.4,986.4,2017-08-04T09:28:00+0530,987.5,986.15
827,980,980,2017-08-07T09:28:00+0530,981.4,979
828,970,970,2017-08-08T09:28:00+0530,970,969.85
829,969.9,970,2017-08-09T09:28:00+0530,970,969.55
830,973,972.5,2017-08-10T09:28:00+0530,973,972.15
831,977.35,976.95,2017-08-11T09:28:00+0530,977.7,975.7
832,983,982.3,2017-08-14T09:28:00+0530,983.1,982.1
833,981.75,980.7,2017-08-16T09:28:00+0530,982,980.7
834,1008,1008,2017-08-17T09:28:00+0530,1008.65,1007.65
835,965.65,962.35,2017-08-18T09:28:00+0530,966,962.25
836,900.3,901.5,2017-08-21T09:28:00+0530,902,900.1
837,884.6,883,2017-08-22T09:28:00+0530,884.6,881.55
838,878.45,877.7,2017-08-23T09:28:00+0530,878.7,877
839,904.75,904.9,2017-08-24T09:28:00+0530,905.05,904.7
840,945.65,945.7,2017-08-28T09:28:00+0530,945.7,945
841,938.75,938.85,2017-08-29T09:28:00+0530,938.85,938.55
842,932.15,933.15,2017-08-30T09:28:00+0530,933.15,932.15
843,920.5,920.25,2017-09-01T09:28:00+0530,920.5,919.75
844,914.9,915.2,2017-09-04T09:28:00+0530,915.2,914.6
845,902.25,902,2017-09-05T09:28:00+0530,902.55,901.8
846,896.15,895.85,2017-09-06T09:28:00+0530,896.3,895.5
847,898,899.35,2017-09-07T09:28:00+0530,899.35,897.95
848,894.45,894.5,2017-09-08T09:28:00+0530,894.5,894.25
849,887.05,887.15,2017-09-11T09:28:00+0530,887.45,887
850,879.95,879.9,2017-09-12T09:28:00+0530,880.05,879.85
851,883,882.55,2017-09-13T09:28:00+0530,883,882.55
852,883.75,883.65,2017-09-14T09:28:00+0530,883.8,883.5
853,898,898.55,2017-09-15T09:28:00+0530,898.75,897.5
854,909.15,908.85,2017-09-18T09:28:00+0530,909.45,908.3
855,906.75,906.45,2017-09-19T09:28:00+0530,906.9,906.45
856,911.3,910.85,2017-09-20T09:28:00+0530,911.3,910
857,912.9,912.95,2017-09-21T09:28:00+0530,913,912.8
858,905.8,904.5,2017-09-22T09:28:00+0530,906,904.35
859,900.5,900.15,2017-09-25T09:28:00+0530,900.65,900
860,896.25,897.5,2017-09-26T09:28:00+0530,897.55,896.25
861,902.4,902.4,2017-09-27T09:28:00+0530,902.4,902.05
862,900.95,902.65,2017-09-28T09:28:00+0530,902.65,900.75
863,900.25,900.05,2017-09-29T09:28:00+0530,900.9,899.3
864,907,906.7,2017-10-03T09:28:00+0530,907,906.65
865,898.1,897.6,2017-10-04T09:28:00+0530,898.15,897.2
866,902.55,902.2,2017-10-05T09:28:00+0530,902.55,901.55
867,906.1,906.1,2017-10-06T09:28:00+0530,906.3,906
868,915.2,915.4,2017-10-09T09:28:00+0530,915.65,915.15
869,933,933.4,2017-10-10T09:28:00+0530,933.65,933
870,931,931.45,2017-10-11T09:28:00+0530,932.15,931
871,932.9,932.95,2017-10-12T09:28:00+0530,933,932.4
872,929.95,929.8,2017-10-13T09:28:00+0530,930.05,929.7
873,935.55,935.55,2017-10-16T09:28:00+0530,936.8,935
874,932.25,931.85,2017-10-17T09:28:00+0530,932.3,931.85
875,928,928.8,2017-10-18T09:28:00+0530,928.8,928
876,933.9,933.6,2017-10-23T09:28:00+0530,933.9,933.25
877,938.15,937.7,2017-10-24T09:28:00+0530,938.25,937.4
878,929.45,929.75,2017-10-25T09:28:00+0530,930.3,929.2
879,947.15,946,2017-10-26T09:28:00+0530,947.15,946
880,953,952.7,2017-10-27T09:28:00+0530,953.65,952
881,946.5,945.3,2017-10-30T09:28:00+0530,946.5,945.1
882,926.95,926.75,2017-11-01T09:28:00+0530,927.6,926.75
883,925.1,925.05,2017-11-02T09:28:00+0530,925.35,925
884,921,921.3,2017-11-03T09:28:00+0530,921.5,921
885,925,925,2017-11-06T09:28:00+0530,925.1,925
886,933.85,934,2017-11-07T09:28:00+0530,934.2,933.45
887,959.35,959,2017-11-08T09:28:00+0530,959.5,958.9
888,952.9,953.6,2017-11-09T09:28:00+0530,953.65,952.5
889,951.5,952.45,2017-11-10T09:28:00+0530,952.8,951.5
890,967,965.15,2017-11-13T09:28:00+0530,967,965.15
891,947.2,946.45,2017-11-14T09:28:00+0530,947.5,946.45
892,946.6,947.05,2017-11-15T09:28:00+0530,947.05,946.6
893,950.4,950.05,2017-11-16T09:28:00+0530,950.4,950
894,978.95,979.2,2017-11-17T09:28:00+0530,979.5,978.4
895,966,966.2,2017-11-20T09:28:00+0530,968.1,965.85
896,963.55,963.75,2017-11-21T09:28:00+0530,963.9,963.5
897,969.5,969.35,2017-11-22T09:28:00+0530,969.8,969.35
898,975,975.05,2017-11-23T09:28:00+0530,975.6,973
899,999.9,1001.3,2017-11-24T09:28:00+0530,1001.45,999.5
900,996.25,996.8,2017-11-27T09:28:00+0530,997,996.25
901,993.45,993.6,2017-11-28T09:28:00+0530,994,993.4
902,990.6,990.5,2017-11-29T09:28:00+0530,990.9,990.5
903,988,988.95,2017-11-30T09:28:00+0530,988.95,987.85
904,975.95,975.7,2017-12-01T09:28:00+0530,976,975.45
905,975.7,975.5,2017-12-04T09:28:00+0530,976.6,974.5
906,994.1,992.8,2017-12-05T09:28:00+0530,994.2,992.6
907,991.45,991.9,2017-12-06T09:28:00+0530,991.95,991.45
908,997.35,996.95,2017-12-07T09:28:00+0530,997.85,996.75
909,1003.15,1002.85,2017-12-08T09:28:00+0530,1003.25,1002.5
910,1002.4,1001,2017-12-11T09:28:00+0530,1002.4,1001
911,1008.3,1007.55,2017-12-12T09:28:00+0530,1008.35,1007.3
912,1013.3,1012.4,2017-12-13T09:28:00+0530,1013.55,1012.3
913,1008.95,1009.35,2017-12-14T09:28:00+0530,1009.5,1008.95
914,1014.65,1014.95,2017-12-15T09:28:00+0530,1015,1014.5
915,1007.75,1007.35,2017-12-18T09:28:00+0530,1008.15,1006.2
916,1015.3,1014.4,2017-12-19T09:28:00+0530,1015.6,1014.4
917,1004.05,1004.4,2017-12-20T09:28:00+0530,1004.4,1004
918,1003.95,1003.65,2017-12-21T09:28:00+0530,1004,1003.3
919,1017.65,1018,2017-12-22T09:28:00+0530,1018.65,1017.55
920,1024,1024.35,2017-12-26T09:28:00+0530,1025,1023.75
921,1036.6,1036.05,2017-12-27T09:28:00+0530,1037,1036
922,1035.6,1036.85,2017-12-28T09:28:00+0530,1036.85,1035.5
923,1035.95,1036.55,2017-12-29T09:28:00+0530,1037.85,1035.95
924,1041.25,1041.05,2018-01-01T09:28:00+0530,1041.75,1040.6
925,1037.95,1038.15,2018-01-02T09:28:00+0530,1038.5,1036.7
926,1025,1025.4,2018-01-03T09:28:00+0530,1026,1025
927,1017.95,1018,2018-01-04T09:28:00+0530,1018,1017.9
928,1015.65,1017.05,2018-01-05T09:28:00+0530,1017.65,1015.55
929,1021.9,1022.9,2018-01-08T09:28:00+0530,1023.2,1021.8
930,1039,1038,2018-01-09T09:28:00+0530,1039,1037.25
931,1042.8,1042.95,2018-01-10T09:28:00+0530,1043.2,1042.7
932,1062.85,1061.05,2018-01-11T09:28:00+0530,1062.85,1060.55
933,1075.35,1075,2018-01-12T09:28:00+0530,1075.9,1075
934,1081.45,1081.2,2018-01-15T09:28:00+0530,1083.65,1081.2
935,1098.4,1099.7,2018-01-16T09:28:00+0530,1100,1098.15
936,1153.8,1149,2018-01-17T09:28:00+0530,1153.8,1149
937,1143.35,1145.15,2018-01-18T09:28:00+0530,1145.4,1143.35
938,1140.2,1140.35,2018-01-19T09:28:00+0530,1140.4,1140.15
939,1140.05,1140.3,2018-01-22T09:28:00+0530,1140.45,1139.45
940,1170,1171.8,2018-01-23T09:28:00+0530,1172,1170
941,1169.5,1170.25,2018-01-24T09:28:00+0530,1170.7,1169.5
942,1168.5,1167.25,2018-01-25T09:28:00+0530,1168.5,1165.5
943,1167,1166.85,2018-01-29T09:28:00+0530,1167,1166.8
944,1178.9,1178.35,2018-01-30T09:28:00+0530,1178.9,1178.3